"KIR4027_I_002_20210530";"Ichẽ Phalcā, brass inscription on the wall niche from NS 1141, view from S";"";"";"2021-05-30";"";"1173885";"photographer";"";"";"Nepal Heritage Documentation Project";"";"";"";"KIR4027";"4027107-9";"Inschrift";"";"";"CC BY-SA 4.0";"https://uni-heidelberg.de/nhdp";"Nepal Heritage Documentation Project";"";""
"KIR4027_I_001_20210611";"Ichẽ Phalcā, stone inscription attached on the northeast corner of the phalcā from NS 931, view from E";"";"";"2021-06-11";"";"1173885";"photographer";"";"";"Nepal Heritage Documentation Project";"";"";"";"KIR4027";"4027107-9";"Inschrift";"";"";"CC BY-SA 4.0";"https://uni-heidelberg.de/nhdp";"Nepal Heritage Documentation Project";"";""
"KIR4027_P_20210530_07";"Ichẽ Phalcā, view from E";"";"";"2021-05-30";"";"1173885";"photographer";"";"";"Nepal Heritage Documentation Project";"";"";"";"KIR4027";"4002855-0";"Architekturfotografie";"";"";"CC BY-SA 4.0";"https://uni-heidelberg.de/nhdp";"Nepal Heritage Documentation Project";"";""
"KIR4027_P_20210530_11";"Ichẽ Phalcā, detail of centre column base stone, view from S";"";"";"2021-05-30";"";"1173885";"photographer";"";"";"Nepal Heritage Documentation Project";"";"";"";"KIR4027";"4002855-0";"Architekturfotografie";"";"";"CC BY-SA 4.0";"https://uni-heidelberg.de/nhdp";"Nepal Heritage Documentation Project";"";""
"KIR4027_P_20210530_10";"Ichẽ Phalcā, detail of centre column with capital, view from S";"";"";"2021-05-30";"";"1173885";"photographer";"";"";"Nepal Heritage Documentation Project";"";"";"";"KIR4027";"4002855-0";"Architekturfotografie";"";"";"CC BY-SA 4.0";"https://uni-heidelberg.de/nhdp";"Nepal Heritage Documentation Project";"";""
"KIR4027-001_P_20210530_01";"Ichẽ Phalcā, statue of Padmapāni Lokeśvara on the wall, view from S";"";"";"2021-05-30";"";"1173885";"photographer";"";"";"Nepal Heritage Documentation Project";"";"";"";"KIR4027";"4002855-0";"Architekturfotografie";"";"";"CC BY-SA 4.0";"https://uni-heidelberg.de/nhdp";"Nepal Heritage Documentation Project";"";""
"KIR4027_P_20210530_05";"Ichẽ Phalcā, view from SW";"";"";"2021-05-30";"";"1173885";"photographer";"";"";"Nepal Heritage Documentation Project";"";"";"";"KIR4027";"4002855-0";"Architekturfotografie";"";"";"CC BY-SA 4.0";"https://uni-heidelberg.de/nhdp";"Nepal Heritage Documentation Project";"";""
"KIR4027_P_20210530_06";"Ichẽ Phalcā, view from W";"";"";"2021-05-30";"";"1173885";"photographer";"";"";"Nepal Heritage Documentation Project";"";"";"";"KIR4027";"4002855-0";"Architekturfotografie";"";"";"CC BY-SA 4.0";"https://uni-heidelberg.de/nhdp";"Nepal Heritage Documentation Project";"";""
"KIR4027_P_20210530_09";"Ichẽ Phalcā, center column with capital, view from S";"";"";"2021-05-30";"";"1173885";"photographer";"";"";"Nepal Heritage Documentation Project";"";"";"";"KIR4027";"4002855-0";"Architekturfotografie";"";"";"CC BY-SA 4.0";"https://uni-heidelberg.de/nhdp";"Nepal Heritage Documentation Project";"";""
"KIR4027_P_20210530_01";"Ichẽ Phalcā, view from S";"";"";"2021-05-30";"";"1173885";"photographer";"";"";"Nepal Heritage Documentation Project";"";"";"";"KIR4027";"4002855-0";"Architekturfotografie";"";"";"CC BY-SA 4.0";"https://uni-heidelberg.de/nhdp";"Nepal Heritage Documentation Project";"";""
"KIR4027_P_20210530_03";"Ichẽ Phalcā, columns, view from S";"";"";"2021-05-30";"";"1173885";"photographer";"";"";"Nepal Heritage Documentation Project";"";"";"";"KIR4027";"4002855-0";"Architekturfotografie";"";"";"CC BY-SA 4.0";"https://uni-heidelberg.de/nhdp";"Nepal Heritage Documentation Project";"";""
"KIR4027_P_20210530_02";"Ichẽ Phalcā, view from S";"";"";"2021-05-30";"";"1173885";"photographer";"";"";"Nepal Heritage Documentation Project";"";"";"";"KIR4027";"4002855-0";"Architekturfotografie";"";"";"CC BY-SA 4.0";"https://uni-heidelberg.de/nhdp";"Nepal Heritage Documentation Project";"";""
"KIR4027_P_20210530_04";"Ichẽ Phalcā, inside the phalcā with object, view from S";"";"";"2021-05-30";"";"1173885";"photographer";"";"";"Nepal Heritage Documentation Project";"";"";"";"KIR4027";"4002855-0";"Architekturfotografie";"";"";"CC BY-SA 4.0";"https://uni-heidelberg.de/nhdp";"Nepal Heritage Documentation Project";"";""
"KIR4027_P_20210530_08";"Ichẽ Phalcā, view from SE";"";"";"2021-05-30";"";"1173885";"photographer";"";"";"Nepal Heritage Documentation Project";"";"";"";"KIR4027";"4002855-0";"Architekturfotografie";"";"";"CC BY-SA 4.0";"https://uni-heidelberg.de/nhdp";"Nepal Heritage Documentation Project";"";""
"KIR4027_P_20210530_12";"Ichẽ Phalcā, corner column with capital and lintel, view from SW";"";"";"2021-05-30";"";"1173885";"photographer";"";"";"Nepal Heritage Documentation Project";"";"";"";"KIR4027";"4002855-0";"Architekturfotografie";"";"";"CC BY-SA 4.0";"https://uni-heidelberg.de/nhdp";"Nepal Heritage Documentation Project";"";""
"KIR4027_P_20210530_13";"Ichẽ Phalcā, detail of corner column with capital and lintel, view from SW";"";"";"2021-05-30";"";"1173885";"photographer";"";"";"Nepal Heritage Documentation Project";"";"";"";"KIR4027";"4002855-0";"Architekturfotografie";"";"";"CC BY-SA 4.0";"https://uni-heidelberg.de/nhdp";"Nepal Heritage Documentation Project";"";""
"KIR4027_P_20210530_14";"Ichẽ Phalcā, detail of the corner column base stone, view from SW";"";"";"2021-05-30";"";"1173885";"photographer";"";"";"Nepal Heritage Documentation Project";"";"";"";"KIR4027";"4002855-0";"Architekturfotografie";"";"";"CC BY-SA 4.0";"https://uni-heidelberg.de/nhdp";"Nepal Heritage Documentation Project";"";""
"KIR4027_P_20200114_16";"Ichẽ Phalcā, construction of the phalcā, view from SE";"";"";"2020-01-14";"";"1208644";"photographer";"";"";"Nepal Heritage Documentation Project";"";"";"";"KIR4027";"4002855-0";"Architekturfotografie";"";"";"CC BY-SA 4.0";"https://uni-heidelberg.de/nhdp";"Nepal Heritage Documentation Project";"";""
"KIR4027_P_20200220_17";"Ichẽ Phalcā, construction of the phalcā, view from SE";"";"";"2020-02-20";"";"1208644";"photographer";"";"";"Nepal Heritage Documentation Project";"";"";"";"KIR4027";"4002855-0";"Architekturfotografie";"";"";"CC BY-SA 4.0";"https://uni-heidelberg.de/nhdp";"Nepal Heritage Documentation Project";"";""
"KIR4027_P_20200114_15";"Ichẽ Phalcā, construction of the phalcā, view from E";"";"";"2020-01-14";"";"1208644";"photographer";"";"";"Nepal Heritage Documentation Project";"";"";"";"KIR4027";"4002855-0";"Architekturfotografie";"";"";"CC BY-SA 4.0";"https://uni-heidelberg.de/nhdp";"Nepal Heritage Documentation Project";"";""
"KIR4027_P_20201130_19";"Ichẽ Phalcā, giving speech by the Mayor during inauguration programme, view from S";"";"";"2020-11-30";"";" Gyana Maharjan";"photographer";"";"";"Nepal Heritage Documentation Project";"";"";"";"KIR4027";"4002855-0";"Architekturfotografie";"";"";"CC BY-SA 4.0";"https://uni-heidelberg.de/nhdp";"Nepal Heritage Documentation Project";"";""
"KIR4027_P_20201130_20";"Ichẽ Phalcā, the Mayor cutting the ribbon during inauguration programme, view from N";"";"";"2020-11-30";"";" Gyana Maharjan";"photographer";"";"";"Nepal Heritage Documentation Project";"";"";"";"KIR4027";"4002855-0";"Architekturfotografie";"";"";"CC BY-SA 4.0";"https://uni-heidelberg.de/nhdp";"Nepal Heritage Documentation Project";"";""
"KIR4027_H_19960000_01";"Ichẽ Phalcā, previous building at the same location, view from E";"";"";"";"";"1208644";"photographer";"";"";"Nepal Heritage Documentation Project";"";"";"";"KIR4027";"4002855-0";"Architekturfotografie";"";"";"CC BY-SA 4.0";"https://uni-heidelberg.de/nhdp";"Nepal Heritage Documentation Project";"";""
"KIR4027_P_20201130_21";"Ichẽ Phalcā, the Deputy Mayor during inauguration programme, view from E";"";"";"2020-11-30";"";" Gyana Maharjan";"photographer";"";"";"Nepal Heritage Documentation Project";"";"";"";"KIR4027";"4002855-0";"Architekturfotografie";"";"";"CC BY-SA 4.0";"https://uni-heidelberg.de/nhdp";"Nepal Heritage Documentation Project";"";""
"KIR4027_P_20200220_18";"Ichẽ Phalcā, construction of the phalcā, view from S";"";"";"2020-02-20";"";"1208644";"photographer";"";"";"Nepal Heritage Documentation Project";"";"";"";"KIR4027";"4002855-0";"Architekturfotografie";"";"";"CC BY-SA 4.0";"https://uni-heidelberg.de/nhdp";"Nepal Heritage Documentation Project";"";""
"KIR4027_D_2021_location_map";"Ichẽ Phalcā, location map";"";"";"";"";"1249903";"draftsman";"";"";"Nepal Heritage Documentation Project";"";"";"";"KIR4027";"4029783-4";"Karte";"";"";"CC BY-SA 4.0";"https://uni-heidelberg.de/nhdp";"Nepal Heritage Documentation Project";"";""
"KIR4027_D_2021_section";"Ichẽ Phalcā, section drawing";"";"";"2021-07-26";"";"1238506";"draftsman";"";"";"Nepal Heritage Documentation Project";"";"";"";"KIR4027";"4068827-6";"Architekturzeichnung";"";"";"CC BY-SA 4.0";"https://uni-heidelberg.de/nhdp";"Nepal Heritage Documentation Project";"";""
"KIR4027_D_2021_site_plan";"Ichẽ Phalcā, site plan";"";"";"2021-07-26";"";"1238506";"draftsman";"";"";"Nepal Heritage Documentation Project";"";"";"";"KIR4027";"4068827-6";"Architekturzeichnung";"";"";"CC BY-SA 4.0";"https://uni-heidelberg.de/nhdp";"Nepal Heritage Documentation Project";"";""
"KIR4027_D_2021_floor_plan";"Ichẽ Phalcā, floor plan";"";"";"2021-07-26";"";"1156661";"draftsman";"";"";"Nepal Heritage Documentation Project";"";"";"";"KIR4027";"4068827-6";"Architekturzeichnung";"";"";"CC BY-SA 4.0";"https://uni-heidelberg.de/nhdp";"Nepal Heritage Documentation Project";"";""
"BAL0006_P_20210601_01";"Vīra Vināyaka Mandira, view from NE";"";"";"2021-06-01";"";"1300339";"photographer";"";"";"Nepal Heritage Documentation Project";"";"";"";"BAL0006";"4002855-0";"Architekturfotografie";"";"";"CC BY-SA 4.0";"https://uni-heidelberg.de/nhdp";"Nepal Heritage Documentation Project";"";""
"BAL0006_P_20210605_03";"Vīra Vināyaka Mandira, close view from N";"";"";"2021-06-05";"";"1300339";"photographer";"";"";"Nepal Heritage Documentation Project";"";"";"";"BAL0006";"4002855-0";"Architekturfotografie";"";"";"CC BY-SA 4.0";"https://uni-heidelberg.de/nhdp";"Nepal Heritage Documentation Project";"";""
"BAL0006_P_20210605_04";"Vīra Vināyaka Mandira, view from SE";"";"";"2021-06-05";"";"1300339";"photographer";"";"";"Nepal Heritage Documentation Project";"";"";"";"BAL0006";"4002855-0";"Architekturfotografie";"";"";"CC BY-SA 4.0";"https://uni-heidelberg.de/nhdp";"Nepal Heritage Documentation Project";"";""
"BAL0006_P_20210605_07";"Vīra Vināyaka Mandira, upper part, view from E";"";"";"2021-06-05";"";"1300339";"photographer";"";"";"Nepal Heritage Documentation Project";"";"";"";"BAL0006";"4002855-0";"Architekturfotografie";"";"";"CC BY-SA 4.0";"https://uni-heidelberg.de/nhdp";"Nepal Heritage Documentation Project";"";""
"BAL0006_P_20210605_08";"Vīra Vināyaka Mandira, corner view from NE";"";"";"2021-06-05";"";"1300339";"photographer";"";"";"Nepal Heritage Documentation Project";"";"";"";"BAL0006";"4002855-0";"Architekturfotografie";"";"";"CC BY-SA 4.0";"https://uni-heidelberg.de/nhdp";"Nepal Heritage Documentation Project";"";""
"BAL0006_P_20210605_02";"Vīra Vināyaka Mandira, detail view from NE";"";"";"2021-06-05";"";"1300339";"photographer";"";"";"Nepal Heritage Documentation Project";"";"";"";"BAL0006";"4002855-0";"Architekturfotografie";"";"";"CC BY-SA 4.0";"https://uni-heidelberg.de/nhdp";"Nepal Heritage Documentation Project";"";""
"BAL0006_P_20210605_09";"Vīra Vināyaka Mandira, entrance with toraṇa, view from E";"";"";"2021-06-05";"";"1300339";"photographer";"";"";"Nepal Heritage Documentation Project";"";"";"";"BAL0006";"4002855-0";"Architekturfotografie";"";"";"CC BY-SA 4.0";"https://uni-heidelberg.de/nhdp";"Nepal Heritage Documentation Project";"";""
"BAL0006_P_20210605_12";"Vīra Vināyaka Mandira, view from W";"";"";"2021-06-05";"";"1300339";"photographer";"";"";"Nepal Heritage Documentation Project";"";"";"";"BAL0006";"4002855-0";"Architekturfotografie";"";"";"CC BY-SA 4.0";"https://uni-heidelberg.de/nhdp";"Nepal Heritage Documentation Project";"";""
"BAL0006_P_20210605_06";"Vīra Vināyaka Mandira, above the bridge view from NE";"";"";"2021-06-05";"";"1300339";"photographer";"";"";"Nepal Heritage Documentation Project";"";"";"";"BAL0006";"4002855-0";"Architekturfotografie";"";"";"CC BY-SA 4.0";"https://uni-heidelberg.de/nhdp";"Nepal Heritage Documentation Project";"";""
"BAL0006-001_P_20210601";"Vīra Vināyaka Mandira, Stone statue of Gaṇeśa, view from E";"";"";"2021-06-01";"";"1300339";"photographer";"";"";"Nepal Heritage Documentation Project";"";"";"";"BAL0006";"4002855-0";"Architekturfotografie";"";"";"CC BY-SA 4.0";"https://uni-heidelberg.de/nhdp";"Nepal Heritage Documentation Project";"";""
"BAL0006_P_20210601_02";"Vīra Vināyaka Mandira, view from N";"";"";"2021-06-01";"";"1300339";"photographer";"";"";"Nepal Heritage Documentation Project";"";"";"";"BAL0006";"4002855-0";"Architekturfotografie";"";"";"CC BY-SA 4.0";"https://uni-heidelberg.de/nhdp";"Nepal Heritage Documentation Project";"";""
"BAL0006_P_20210605_05";"Vīra Vināyaka Mandira, view from SW";"";"";"2021-06-05";"";"1300339";"photographer";"";"";"Nepal Heritage Documentation Project";"";"";"";"BAL0006";"4002855-0";"Architekturfotografie";"";"";"CC BY-SA 4.0";"https://uni-heidelberg.de/nhdp";"Nepal Heritage Documentation Project";"";""
"BAL0006_P_20210605_11";"Vīra Vināyaka Mandira, Indrāvatī river and bridge, view from N";"";"";"2021-06-05";"";"1300339";"photographer";"";"";"Nepal Heritage Documentation Project";"";"";"";"BAL0006";"4002855-0";"Architekturfotografie";"";"";"CC BY-SA 4.0";"https://uni-heidelberg.de/nhdp";"Nepal Heritage Documentation Project";"";""
"BAL0006_P_20210605_10";"Vīra Vināyaka Mandira,close up view of toraṇa from E";"";"";"2021-06-05";"";"1300339";"photographer";"";"";"Nepal Heritage Documentation Project";"";"";"";"BAL0006";"4002855-0";"Architekturfotografie";"";"";"CC BY-SA 4.0";"https://uni-heidelberg.de/nhdp";"Nepal Heritage Documentation Project";"";""
"BAL0006_P_20210605_01";"Vīra Vināyaka Mandira, view from E";"";"";"2021-06-05";"";"1300339";"photographer";"";"";"Nepal Heritage Documentation Project";"";"";"";"BAL0006";"4002855-0";"Architekturfotografie";"";"";"CC BY-SA 4.0";"https://uni-heidelberg.de/nhdp";"Nepal Heritage Documentation Project";"";""
"BAL0006_P_2018_01";"Vīra Vināyaka Mandira, before rebuilt, view from E";"";"";"2018";"";" Antaj Nakarmi";"photographer";"";"";"Nepal Heritage Documentation Project";"";"";"";"BAL0006";"4002855-0";"Architekturfotografie";"";"";"CC BY-SA 4.0";"https://uni-heidelberg.de/nhdp";"Nepal Heritage Documentation Project";"";""
"BAL0006_D__2021_location_map";"VĪra Vināyaka Mandira, location map";"";"";"2020";"";"";"draftsman";"";"";"Nepal Heritage Documentation Project";"";"";"";"BAL0006";"4029783-4";"Karte";"1173868";"";"CC BY-SA 4.0";"https://uni-heidelberg.de/nhdp";"Nepal Heritage Documentation Project";"";""
"BAL0006_D__2021_floor_plan";" VĪra Vināyaka Mandira, floor plan";"";"";"2021-07-25";"";"1173868";"draftsman";"";"";"Nepal Heritage Documentation Project";"";"";"";"BAL0006";"4068827-6";"Architekturzeichnung";"";"";"CC BY-SA 4.0";"https://uni-heidelberg.de/nhdp";"Nepal Heritage Documentation Project";"";""
"BAL0006_D__2021_site_plan";"VĪra Vināyaka Mandira, site plan";"";"";"2021-07-25";"";"1173868";"draftsman";"";"";"Nepal Heritage Documentation Project";"";"";"";"BAL0006";"4068827-6";"Architekturzeichnung";"";"";"CC BY-SA 4.0";"https://uni-heidelberg.de/nhdp";"Nepal Heritage Documentation Project";"";""
"KAT3262-001_P_20210205";"Śāntipura Phalcā 2, fire wheel and bull, view from W";"";"";"2021-02-05";"";"1248182";"photographer";"";"";"Nepal Heritage Documentation Project";"";"";"";"KAT3262";"4002855-0";"Architekturfotografie";"";"";"CC BY-SA 4.0";"https://uni-heidelberg.de/nhdp";"Nepal Heritage Documentation Project";"";""
"KAT3262-002_P_20210205";"Śāntipura Phalcā 2, stone lion, view from W";"";"";"2021-02-05";"";"1248182";"photographer";"";"";"Nepal Heritage Documentation Project";"";"";"";"KAT3262";"4002855-0";"Architekturfotografie";"";"";"CC BY-SA 4.0";"https://uni-heidelberg.de/nhdp";"Nepal Heritage Documentation Project";"";""
"KAT3262-003_P_20210205";"Śāntipura Phalcā 2, Lokeśvara, view from W";"";"";"2021-02-05";"";"1248182";"photographer";"";"";"Nepal Heritage Documentation Project";"";"";"";"KAT3262";"4002855-0";"Architekturfotografie";"";"";"CC BY-SA 4.0";"https://uni-heidelberg.de/nhdp";"Nepal Heritage Documentation Project";"";""
"KAT3262_I_001_20210823_01";"Śāntipura Phalcā 2, inscription from NS 920 with donor couple, view from N";"";"";"2021-08-23";"";"1300339";"photographer";"";"";"Nepal Heritage Documentation Project";"";"";"";"KAT3262";"4027107-9";"Inschrift";"";"";"CC BY-SA 4.0";"https://uni-heidelberg.de/nhdp";"Nepal Heritage Documentation Project";"";""
"KAT3262_I_001_20210823_03";"Śāntipura Phalcā 2, inscription from NS 920 with donor couple, view from N";"";"";"2021-08-23";"";"1300339";"photographer";"";"";"Nepal Heritage Documentation Project";"";"";"";"KAT3262";"4027107-9";"Inschrift";"";"";"CC BY-SA 4.0";"https://uni-heidelberg.de/nhdp";"Nepal Heritage Documentation Project";"";""
"KAT3262_I_001_20210823_04";"Śāntipura Phalcā 2, inscription from NS 920 with donor couple, view from N";"";"";"2021-08-23";"";"1300339";"photographer";"";"";"Nepal Heritage Documentation Project";"";"";"";"KAT3262";"4027107-9";"Inschrift";"";"";"CC BY-SA 4.0";"https://uni-heidelberg.de/nhdp";"Nepal Heritage Documentation Project";"";""
"KAT3262_I_001_20210205";"Śāntipura Phalcā 2, inscription from NS 920 with donor couple, view from N";"";"";"2021-02-05";"";"1248182";"photographer";"";"";"Nepal Heritage Documentation Project";"";"";"";"KAT3262";"4027107-9";"Inschrift";"";"";"CC BY-SA 4.0";"https://uni-heidelberg.de/nhdp";"Nepal Heritage Documentation Project";"";""
"KAT3262_I_001_20210823_02";"Śāntipura Phalcā 2, inscription from NS 920 with donor couple, view from N";"";"";"2021-08-23";"";"1300339";"photographer";"";"";"Nepal Heritage Documentation Project";"";"";"";"KAT3262";"4027107-9";"Inschrift";"";"";"CC BY-SA 4.0";"https://uni-heidelberg.de/nhdp";"Nepal Heritage Documentation Project";"";""
"KAT3262_I_002_20210823";"Śāntipura Phalcā 2, stone slab inscription from VS 1855, view from W";"";"";"2021-08-23";"";"1300339";"photographer";"";"";"Nepal Heritage Documentation Project";"";"";"";"KAT3262";"4027107-9";"Inschrift";"";"";"CC BY-SA 4.0";"https://uni-heidelberg.de/nhdp";"Nepal Heritage Documentation Project";"";""
"KAT3262_I_002_20210205";"Śāntipura Phalcā 2, stone slab inscription from VS 1855, view from W";"";"";"2021-02-05";"";"1248182";"photographer";"";"";"Nepal Heritage Documentation Project";"";"";"";"KAT3262";"4027107-9";"Inschrift";"";"";"CC BY-SA 4.0";"https://uni-heidelberg.de/nhdp";"Nepal Heritage Documentation Project";"";""
"KAT3262_I_003_20210205";"Śāntipura Phalcā 2, marble slab inscription from VS 2073, view from W";"";"";"2021-02-05";"";"1248182";"photographer";"";"";"Nepal Heritage Documentation Project";"";"";"";"KAT3262";"4027107-9";"Inschrift";"";"";"CC BY-SA 4.0";"https://uni-heidelberg.de/nhdp";"Nepal Heritage Documentation Project";"";""
"KAT3262_I_003_20210823";"Śāntipura Phalcā 2, marble slab inscription from VS 2073, view from W";"";"";"2021-08-23";"";"1300339";"photographer";"";"";"Nepal Heritage Documentation Project";"";"";"";"KAT3262";"4027107-9";"Inschrift";"";"";"CC BY-SA 4.0";"https://uni-heidelberg.de/nhdp";"Nepal Heritage Documentation Project";"";""
"KAT3262_I_004_20210823";"Śāntipura Phalcā 2, marble slab inscription from NS 1079, view from S";"";"";"2021-08-23";"";"1300339";"photographer";"";"";"Nepal Heritage Documentation Project";"";"";"";"KAT3262";"4027107-9";"Inschrift";"";"";"CC BY-SA 4.0";"https://uni-heidelberg.de/nhdp";"Nepal Heritage Documentation Project";"";""
"KAT3262_I_004_20210205";"Śāntipura Phalcā 2, marble slab inscription from NS 1079, view from S";"";"";"2021-02-05";"";"1248182";"photographer";"";"";"Nepal Heritage Documentation Project";"";"";"";"KAT3262";"4027107-9";"Inschrift";"";"";"CC BY-SA 4.0";"https://uni-heidelberg.de/nhdp";"Nepal Heritage Documentation Project";"";""
"KAT3262_P_20210205_01";"Śāntipura Phalcā 2, view from SW";"";"";"2021-02-05";"";"1248182";"photographer";"";"";"Nepal Heritage Documentation Project";"";"";"";"KAT3262";"4002855-0";"Architekturfotografie";"";"";"CC BY-SA 4.0";"https://uni-heidelberg.de/nhdp";"Nepal Heritage Documentation Project";"";""
"KAT3262_P_20150517_01";"Śāntipura Phalcā 2, view from N";"";"";"2015-05-17";"";" Prierre Gérard-Bendele";"photographer";" Ludovic Dusuzeau";"photographer";"courtesy of UNESCO Kathmandu";"";"";"";"KAT3262";"4002855-0";"Architekturfotografie";"";"";"Free access - no reuse";"";"";"";""
"KAT3262_P_20150517_02";"Śāntipura Phalcā 2, view from W";"";"";"2015-05-17";"";" Prierre Gérard-Bendele";"photographer";" Ludovic Dusuzeau";"photographer";"courtesy of UNESCO Kathmandu";"";"";"";"KAT3262";"4002855-0";"Architekturfotografie";"";"";"Free access - no reuse";"";"";"";""
"KAT3262_P_20210205_03";"Śāntipura Phalcā 2, interior view from SW";"";"";"2021-02-05";"";"1248182";"photographer";"";"";"Nepal Heritage Documentation Project";"";"";"";"KAT3262";"4002855-0";"Architekturfotografie";"";"";"CC BY-SA 4.0";"https://uni-heidelberg.de/nhdp";"Nepal Heritage Documentation Project";"";""
"KAT3262_P_20150517_03";"Śāntipura Phalcā 2, view from N";"";"";"2015-05-17";"";" Prierre Gérard-Bendele";"photographer";" Ludovic Dusuzeau";"photographer";"courtesy of UNESCO Kathmandu";"";"";"";"KAT3262";"4002855-0";"Architekturfotografie";"";"";"Free access - no reuse";"";"";"";""
"KAT3262_P_20210205_02";"Śāntipura Phalcā 2, view from NW";"";"";"2021-02-05";"";"1248182";"photographer";"";"";"Nepal Heritage Documentation Project";"";"";"";"KAT3262";"4002855-0";"Architekturfotografie";"";"";"CC BY-SA 4.0";"https://uni-heidelberg.de/nhdp";"Nepal Heritage Documentation Project";"";""
"KAT3262_P_20210803_03";"Śāntipura Phalcā 2, view from S";"";"";"2021-08-03";"";" Suraj Shrestha";"photographer";"";"";"Nepal Heritage Documentation Project";"";"";"";"KAT3262";"4002855-0";"Architekturfotografie";"";"";"CC BY-SA 4.0";"https://uni-heidelberg.de/nhdp";"Nepal Heritage Documentation Project";"";""
"KAT3262_P_20210803_01";"Śāntipura Phalcā 2, view from N";"";"";"2021-08-03";"";" Suraj Shrestha";"photographer";"";"";"Nepal Heritage Documentation Project";"";"";"";"KAT3262";"4002855-0";"Architekturfotografie";"";"";"CC BY-SA 4.0";"https://uni-heidelberg.de/nhdp";"Nepal Heritage Documentation Project";"";""
"KAT3262_P_20210803_02";"Śāntipura Phalcā 2, panoramic view, view from W";"";"";"2021-08-03";"";" Suraj Shrestha";"photographer";"";"";"Nepal Heritage Documentation Project";"";"";"";"KAT3262";"4002855-0";"Architekturfotografie";"";"";"CC BY-SA 4.0";"https://uni-heidelberg.de/nhdp";"Nepal Heritage Documentation Project";"";""
"KAT3262_P_20210803_05";"Śāntipura Phalcā 2, view from W";"";"";"2021-08-03";"";" Suraj Shrestha";"photographer";"";"";"Nepal Heritage Documentation Project";"";"";"";"KAT3262";"4002855-0";"Architekturfotografie";"";"";"CC BY-SA 4.0";"https://uni-heidelberg.de/nhdp";"Nepal Heritage Documentation Project";"";""
"KAT3262_P_20210803_04";"Śāntipura Phalcā 2, view from N";"";"";"2021-08-03";"";" Suraj Shrestha";"photographer";"";"";"Nepal Heritage Documentation Project";"";"";"";"KAT3262";"4002855-0";"Architekturfotografie";"";"";"CC BY-SA 4.0";"https://uni-heidelberg.de/nhdp";"Nepal Heritage Documentation Project";"";""
"KAT3262_P_20210803_06";"Śāntipura Phalcā 2, view from W";"";"";"2021-08-03";"";" Suraj Shrestha";"photographer";"";"";"Nepal Heritage Documentation Project";"";"";"";"KAT3262";"4002855-0";"Architekturfotografie";"";"";"CC BY-SA 4.0";"https://uni-heidelberg.de/nhdp";"Nepal Heritage Documentation Project";"";""
"KAT3262_P_20210803_07";"Śāntipura Phalcā 2, view from SW";"";"";"2021-08-03";"";" Suraj Shrestha";"photographer";"";"";"Nepal Heritage Documentation Project";"";"";"";"KAT3262";"4002855-0";"Architekturfotografie";"";"";"CC BY-SA 4.0";"https://uni-heidelberg.de/nhdp";"Nepal Heritage Documentation Project";"";""
"KAT3262_D_2021_plan";" Śāntipura Phalcā 2, floor plan";"";"";"2021-08";"";"1248182";"draftsman";"";"";"Nepal Heritage Documentation Project";"";"";"";"KAT3262";"4068827-6";"Architekturzeichnung";"";"";"CC BY-SA 4.0";"https://uni-heidelberg.de/nhdp";"Nepal Heritage Documentation Project";"";""
"KAT3262_D_2021_section";"Śāntipura Phalcā 2, section drawing";"";"";"2021-08";"";"1248182";"draftsman";"";"";"Nepal Heritage Documentation Project";"";"";"";"KAT3262";"4068827-6";"Architekturzeichnung";"";"";"CC BY-SA 4.0";"https://uni-heidelberg.de/nhdp";"Nepal Heritage Documentation Project";"";""
"KAT3261_I_001_20210205";"Śāntipura Phalcā 1, stone slab inscription from NS 927, view from W";"";"";"2021-02-05";"";"1248182";"photographer";"";"";"Nepal Heritage Documentation Project";"";"";"";"KAT3261";"4027107-9";"Inschrift";"";"";"CC BY-SA 4.0";"https://uni-heidelberg.de/nhdp";"Nepal Heritage Documentation Project";"";""
"KAT3261_I_001_20210823";"Śāntipura Phalcā 1, stone slab inscription from NS 927, view from W";"";"";"2021-08-23";"";"1300339";"photographer";"";"";"Nepal Heritage Documentation Project";"";"";"";"KAT3261";"4027107-9";"Inschrift";"";"";"CC BY-SA 4.0";"https://uni-heidelberg.de/nhdp";"Nepal Heritage Documentation Project";"";""
"KAT3261_I_002_20210205";"Śāntipura Phalcā 1, stone slab inscription from NS 960, view from W";"";"";"2021-02-05";"";"1248182";"photographer";"";"";"Nepal Heritage Documentation Project";"";"";"";"KAT3261";"4027107-9";"Inschrift";"";"";"CC BY-SA 4.0";"https://uni-heidelberg.de/nhdp";"Nepal Heritage Documentation Project";"";""
"KAT3261_I_002_20210823";"Śāntipura Phalcā 1, stone slab inscription from NS 960, view from W";"";"";"2021-08-23";"";"1300339";"photographer";"";"";"Nepal Heritage Documentation Project";"";"";"";"KAT3261";"4027107-9";"Inschrift";"";"";"CC BY-SA 4.0";"https://uni-heidelberg.de/nhdp";"Nepal Heritage Documentation Project";"";""
"KAT3261_P_20210205_01";"Śāntipura Phalcā 1, view from NW";"";"";"2021-02-05";"";"1248182";"photographer";"";"";"Nepal Heritage Documentation Project";"";"";"";"KAT3261";"4002855-0";"Architekturfotografie";"";"";"CC BY-SA 4.0";"https://uni-heidelberg.de/nhdp";"Nepal Heritage Documentation Project";"";""
"KAT3261_P_20210205_03";"Śāntipura Phalcā 1, carved columns, view from NW";"";"";"2021-02-05";"";"1248182";"photographer";"";"";"Nepal Heritage Documentation Project";"";"";"";"KAT3261";"4002855-0";"Architekturfotografie";"";"";"CC BY-SA 4.0";"https://uni-heidelberg.de/nhdp";"Nepal Heritage Documentation Project";"";""
"KAT3261_D_2021_floor_plan";"Śāntipura Phalcā 1, floor plan";"";"";"2021-08";"";"1248182";"draftsman";"";"";"Nepal Heritage Documentation Project";"";"";"";"KAT3261";"4068827-6";"Architekturzeichnung";"";"";"CC BY-SA 4.0";"https://uni-heidelberg.de/nhdp";"Nepal Heritage Documentation Project";"";""
"KAT3261_D_2021_section";"Śāntipura Phalcā 1, section drawing";"";"";"2021-08";"";"1248182";"draftsman";"";"";"Nepal Heritage Documentation Project";"";"";"";"KAT3261";"4068827-6";"Architekturzeichnung";"";"";"CC BY-SA 4.0";"https://uni-heidelberg.de/nhdp";"Nepal Heritage Documentation Project";"";""
"KAT3261_P_20150517_02";"Śāntipura Phalcā 1, view from S";"";"";"2015-05-17";"";" Prierre Gérard-Bendele";"photographer";" Ludovic Dusuzeau";"photographer";"courtesy of UNESCO Kathmandu";"";"";"";"KAT3261";"4002855-0";"Architekturfotografie";"";"";"Free access - no reuse";"";"";"";""
"KAT3261_P_20210803_05";"Śāntipura Phalcā 1, view from W";"";"";"2021-08-03";"";" Suraj Shrestha";"photographer";"";"";"Nepal Heritage Documentation Project";"";"";"";"KAT3261";"4002855-0";"Architekturfotografie";"";"";"CC BY-SA 4.0";"https://uni-heidelberg.de/nhdp";"Nepal Heritage Documentation Project";"";""
"KAT3261_P_20150517_03";"Śāntipura Phalcā 1, view from SE";"";"";"2015-05-17";"";" Prierre Gérard-Bendele";"photographer";" Ludovic Dusuzeau";"photographer";"courtesy of UNESCO Kathmandu";"";"";"";"KAT3261";"4002855-0";"Architekturfotografie";"";"";"Free access - no reuse";"";"";"";""
"KAT3261_P_20150517_04";"Śāntipura Phalcā 1, view from W";"";"";"2015-05-17";"";" Prierre Gérard-Bendele";"photographer";" Ludovic Dusuzeau";"photographer";"courtesy of UNESCO Kathmandu";"";"";"";"KAT3261";"4002855-0";"Architekturfotografie";"";"";"Free access - no reuse";"";"";"";""
"KAT3261_P_20150605_01";"Śāntipura Phalcā 1, view from W";"";"";"2015-06-05";"";" Prierre Gérard-Bendele";"photographer";" Ludovic Dusuzeau";"photographer";"courtesy of UNESCO Kathmandu";"";"";"";"KAT3261";"4002855-0";"Architekturfotografie";"";"";"Free access - no reuse";"";"";"";""
"KAT3261_P_20150605_02";"Śāntipura Phalcā 1, view from W";"";"";"2015-06-05";"";" Prierre Gérard-Bendele";"photographer";" Ludovic Dusuzeau";"photographer";"courtesy of UNESCO Kathmandu";"";"";"";"KAT3261";"4002855-0";"Architekturfotografie";"";"";"Free access - no reuse";"";"";"";""
"KAT3261_P_20150605_03";"Śāntipura Phalcā 1, view from SW";"";"";"2015-06-05";"";" Prierre Gérard-Bendele";"photographer";" Ludovic Dusuzeau";"photographer";"courtesy of UNESCO Kathmandu";"";"";"";"KAT3261";"4002855-0";"Architekturfotografie";"";"";"Free access - no reuse";"";"";"";""
"KAT3261_P_20150517_01";"Śāntipura Phalcā 1, view from SW";"";"";"2015-05-17";"";" Prierre Gérard-Bendele";"photographer";" Ludovic Dusuzeau";"photographer";"courtesy of UNESCO Kathmandu";"";"";"";"KAT3261";"4002855-0";"Architekturfotografie";"";"";"Free access - no reuse";"";"";"";""
"KAT3261_P_20150605_04";"Śāntipura Phalcā 1, view from E";"";"";"2015-06-05";"";" Prierre Gérard-Bendele";"photographer";" Ludovic Dusuzeau";"photographer";"courtesy of UNESCO Kathmandu";"";"";"";"KAT3261";"4002855-0";"Architekturfotografie";"";"";"Free access - no reuse";"";"";"";""
"KAT3261_P_20150605_05";"Śāntipura Phalcā 1, view from N";"";"";"2015-06-05";"";" Prierre Gérard-Bendele";"photographer";" Ludovic Dusuzeau";"photographer";"courtesy of UNESCO Kathmandu";"";"";"";"KAT3261";"4002855-0";"Architekturfotografie";"";"";"Free access - no reuse";"";"";"";""
"KAT3261_P_20150804_01";"Śāntipura Phalcā 1, view from NW";"";"";"2015-08-04";"";" Prierre Gérard-Bendele";"photographer";" Ludovic Dusuzeau";"photographer";"courtesy of UNESCO Kathmandu";"";"";"";"KAT3261";"4002855-0";"Architekturfotografie";"";"";"Free access - no reuse";"";"";"";""
"KAT3261_P_20210205_01";"Śāntipura Phalcā 1, view from NW";"";"";"2021-02-05";"";"1248182";"photographer";"";"";"Nepal Heritage Documentation Project";"";"";"";"KAT3261";"4002855-0";"Architekturfotografie";"";"";"CC BY-SA 4.0";"https://uni-heidelberg.de/nhdp";"Nepal Heritage Documentation Project";"";""
"KAT3261_P_20210205_02";"Śāntipura Phalcā 1, view from W";"";"";"2021-02-05";"";"1248182";"photographer";"";"";"Nepal Heritage Documentation Project";"";"";"";"KAT3261";"4002855-0";"Architekturfotografie";"";"";"CC BY-SA 4.0";"https://uni-heidelberg.de/nhdp";"Nepal Heritage Documentation Project";"";""
"KAT3261_P_20210803_01";"Śāntipura Phalcā 1, view from W";"";"";"2021-08-03";"";" Suraj Shrestha";"photographer";"";"";"Nepal Heritage Documentation Project";"";"";"";"KAT3261";"4002855-0";"Architekturfotografie";"";"";"CC BY-SA 4.0";"https://uni-heidelberg.de/nhdp";"Nepal Heritage Documentation Project";"";""
"KAT3261_P_20210803_02";"Śāntipura Phalcā 1, view from S";"";"";"2021-08-03";"";" Suraj Shrestha";"photographer";"";"";"Nepal Heritage Documentation Project";"";"";"";"KAT3261";"4002855-0";"Architekturfotografie";"";"";"CC BY-SA 4.0";"https://uni-heidelberg.de/nhdp";"Nepal Heritage Documentation Project";"";""
"KAT3261_P_20210803_03";"Śāntipura Phalcā 1, view from N";"";"";"2021-08-03";"";" Suraj Shrestha";"photographer";"";"";"Nepal Heritage Documentation Project";"";"";"";"KAT3261";"4002855-0";"Architekturfotografie";"";"";"CC BY-SA 4.0";"https://uni-heidelberg.de/nhdp";"Nepal Heritage Documentation Project";"";""
"KAT3261_P_20210803_04";"Śāntipura Phalcā 1, view from S";"";"";"2021-08-03";"";" Suraj Shrestha";"photographer";"";"";"Nepal Heritage Documentation Project";"";"";"";"KAT3261";"4002855-0";"Architekturfotografie";"";"";"CC BY-SA 4.0";"https://uni-heidelberg.de/nhdp";"Nepal Heritage Documentation Project";"";""
"KAT3261_P_20210803_07";"Śāntipura Phalcā 1, view from E";"";"";"2021-08-03";"";" Suraj Shrestha";"photographer";"";"";"Nepal Heritage Documentation Project";"";"";"";"KAT3261";"4002855-0";"Architekturfotografie";"";"";"CC BY-SA 4.0";"https://uni-heidelberg.de/nhdp";"Nepal Heritage Documentation Project";"";""
"MUS0200-001_P_20210413_01";"Lo Gekar, Padmasambhava, view from E";"";"";"2021-04-13";"";"1248182";"photographer";"";"";"Nepal Heritage Documentation Project";"";"";"";"MUS0200";"4002855-0";"Architekturfotografie";"";"";"CC BY-SA 4.0";"https://uni-heidelberg.de/nhdp";"Nepal Heritage Documentation Project";"";""
"MUS0200-001_P_20210413_02";"Lo Gekar, Padmasambhava and consorts, view from N";"";"";"2021-04-13";"";"1248182";"photographer";"";"";"Nepal Heritage Documentation Project";"";"";"";"MUS0200";"4002855-0";"Architekturfotografie";"";"";"CC BY-SA 4.0";"https://uni-heidelberg.de/nhdp";"Nepal Heritage Documentation Project";"";""
"MUS0200_P_20210413_01";"Lo Gekar, main entrance, view from E";"";"";"2021-04-13";"";"1248182";"photographer";"";"";"Nepal Heritage Documentation Project";"";"";"";"MUS0200";"4002855-0";"Architekturfotografie";"";"";"CC BY-SA 4.0";"https://uni-heidelberg.de/nhdp";"Nepal Heritage Documentation Project";"";""
"MUS0200_P_20210413_02";"Lo Gekar, view from W";"";"";"2021-04-13";"";"1248182";"photographer";"";"";"Nepal Heritage Documentation Project";"";"";"";"MUS0200";"4002855-0";"Architekturfotografie";"";"";"CC BY-SA 4.0";"https://uni-heidelberg.de/nhdp";"Nepal Heritage Documentation Project";"";""
"MUS0200_P_20210412_01";"Lo Gekar, view from SW";"";"";"2021-04-12";"";"1248182";"photographer";"";"";"Nepal Heritage Documentation Project";"";"";"";"MUS0200";"4002855-0";"Architekturfotografie";"";"";"CC BY-SA 4.0";"https://uni-heidelberg.de/nhdp";"Nepal Heritage Documentation Project";"";""
"MUS0200_P_20210412_02";"Lo Gekar, view from S";"";"";"2021-04-12";"";"1248182";"photographer";"";"";"Nepal Heritage Documentation Project";"";"";"";"MUS0200";"4002855-0";"Architekturfotografie";"";"";"CC BY-SA 4.0";"https://uni-heidelberg.de/nhdp";"Nepal Heritage Documentation Project";"";""
"MUS0200_P_20210413_03";"Lo Gekar, view from N";"";"";"2021-04-13";"";"1248182";"photographer";"";"";"Nepal Heritage Documentation Project";"";"";"";"MUS0200";"4002855-0";"Architekturfotografie";"";"";"CC BY-SA 4.0";"https://uni-heidelberg.de/nhdp";"Nepal Heritage Documentation Project";"";""
"MUS0200_P_20210413_08";"Lo Gekar, the monastery's complex, view from N";"";"";"2021-04-13";"";"1248182";"photographer";"";"";"Nepal Heritage Documentation Project";"";"";"";"MUS0200";"4002855-0";"Architekturfotografie";"";"";"CC BY-SA 4.0";"https://uni-heidelberg.de/nhdp";"Nepal Heritage Documentation Project";"";""
"MUS0200_P_20210412_03";"Lo Gekar, the main temple's roof, view from E";"";"";"2021-04-12";"";"1248182";"photographer";"";"";"Nepal Heritage Documentation Project";"";"";"";"MUS0200";"4002855-0";"Architekturfotografie";"";"";"CC BY-SA 4.0";"https://uni-heidelberg.de/nhdp";"Nepal Heritage Documentation Project";"";""
"MUS0200_P_20210412_06";"Lo Gekar, the residential wing's roof, view from E";"";"";"2021-04-12";"";"1248182";"photographer";"";"";"Nepal Heritage Documentation Project";"";"";"";"MUS0200";"4002855-0";"Architekturfotografie";"";"";"CC BY-SA 4.0";"https://uni-heidelberg.de/nhdp";"Nepal Heritage Documentation Project";"";""
"MUS0200_P_20210413_04";"Lo Gekar, assembly hall, view from W";"";"";"2021-04-13";"";"1248182";"photographer";"";"";"Nepal Heritage Documentation Project";"";"";"";"MUS0200";"4002855-0";"Architekturfotografie";"";"";"CC BY-SA 4.0";"https://uni-heidelberg.de/nhdp";"Nepal Heritage Documentation Project";"";""
"MUS0200_P_20210412_07";"Lo Gekar, Padmasambhava in the sanctum, view from E";"";"";"2021-04-12";"";"1248182";"photographer";"";"";"Nepal Heritage Documentation Project";"";"";"";"MUS0200";"4002855-0";"Architekturfotografie";"";"";"CC BY-SA 4.0";"https://uni-heidelberg.de/nhdp";"Nepal Heritage Documentation Project";"";""
"MUS0200_P_20210413_13";"Lo Gekar, stairs leading up to the main entrance, view from SE";"";"";"2021-04-13";"";"1248182";"photographer";"";"";"Nepal Heritage Documentation Project";"";"";"";"MUS0200";"4002855-0";"Architekturfotografie";"";"";"CC BY-SA 4.0";"https://uni-heidelberg.de/nhdp";"Nepal Heritage Documentation Project";"";""
"MUS0200_P_20210412_04";"Lo Gekar, opening leading from the assembly hall to the sanctum, view from E";"";"";"2021-04-12";"";"1248182";"photographer";"";"";"Nepal Heritage Documentation Project";"";"";"";"MUS0200";"4002855-0";"Architekturfotografie";"";"";"CC BY-SA 4.0";"https://uni-heidelberg.de/nhdp";"Nepal Heritage Documentation Project";"";""
"MUS0200_P_20210412_10";"Lo Gekar, view from the lantern to the assembly hall, view from E";"";"";"2021-04-12";"";"1248182";"photographer";"";"";"Nepal Heritage Documentation Project";"";"";"";"MUS0200";"4002855-0";"Architekturfotografie";"";"";"CC BY-SA 4.0";"https://uni-heidelberg.de/nhdp";"Nepal Heritage Documentation Project";"";""
"MUS0200_P_20210412_05";"Lo Gekar, special room with large prayer wheels (L05), view from E";"";"";"2021-04-12";"";"1248182";"photographer";"";"";"Nepal Heritage Documentation Project";"";"";"";"MUS0200";"4002855-0";"Architekturfotografie";"";"";"CC BY-SA 4.0";"https://uni-heidelberg.de/nhdp";"Nepal Heritage Documentation Project";"";""
"MUS0200_P_20210412_11";"Lo Gekar, guest room (U06) above the entrance hall, view from S";"";"";"2021-04-12";"";"1248182";"photographer";"";"";"Nepal Heritage Documentation Project";"";"";"";"MUS0200";"4002855-0";"Architekturfotografie";"";"";"CC BY-SA 4.0";"https://uni-heidelberg.de/nhdp";"Nepal Heritage Documentation Project";"";""
"MUS0200_P_20210413_06";"Lo Gekar, small courtyard (L09) in the residental wing, view from W";"";"";"2021-04-13";"";"1248182";"photographer";"";"";"Nepal Heritage Documentation Project";"";"";"";"MUS0200";"4002855-0";"Architekturfotografie";"";"";"CC BY-SA 4.0";"https://uni-heidelberg.de/nhdp";"Nepal Heritage Documentation Project";"";""
"MUS0200_P_20210413_12";"Lo Gekar, the kitchen (U12) in the residental wing, view from NW";"";"";"2021-04-13";"";"1248182";"photographer";"";"";"Nepal Heritage Documentation Project";"";"";"";"MUS0200";"4002855-0";"Architekturfotografie";"";"";"CC BY-SA 4.0";"https://uni-heidelberg.de/nhdp";"Nepal Heritage Documentation Project";"";""
"MUS0200_P_20210413_11";"Lo Gekar, Guru Lhakhang (U01) above the sanctum, view from NE";"";"";"2021-04-13";"";"1248182";"photographer";"";"";"Nepal Heritage Documentation Project";"";"";"";"MUS0200";"4002855-0";"Architekturfotografie";"";"";"CC BY-SA 4.0";"https://uni-heidelberg.de/nhdp";"Nepal Heritage Documentation Project";"";""
"MUS0200_P_20210413_10";"Lo Gekar, murals in the entrance hall (L04), view from S";"";"";"2021-04-13";"";"1248182";"photographer";"";"";"Nepal Heritage Documentation Project";"";"";"";"MUS0200";"4002855-0";"Architekturfotografie";"";"";"CC BY-SA 4.0";"https://uni-heidelberg.de/nhdp";"Nepal Heritage Documentation Project";"";""
"MUS0200_P_20210413_09";"Lo Gekar, damaged murals in the lantern (U03), view from NE";"";"";"2021-04-13";"";"1248182";"photographer";"";"";"Nepal Heritage Documentation Project";"";"";"";"MUS0200";"4002855-0";"Architekturfotografie";"";"";"CC BY-SA 4.0";"https://uni-heidelberg.de/nhdp";"Nepal Heritage Documentation Project";"";""
"MUS0200_P_20210412_12";"Lo Gekar, lhakhang (U15) in the residental wing, view from S";"";"";"2021-04-12";"";"1248182";"photographer";"";"";"Nepal Heritage Documentation Project";"";"";"";"MUS0200";"4002855-0";"Architekturfotografie";"";"";"CC BY-SA 4.0";"https://uni-heidelberg.de/nhdp";"Nepal Heritage Documentation Project";"";""
"MUS0200_P_20210413_05";"Lo Gekar, stone reliefs installed on the south wall of the assembly hall, view from N";"";"";"2021-04-13";"";"1248182";"photographer";"";"";"Nepal Heritage Documentation Project";"";"";"";"MUS0200";"4002855-0";"Architekturfotografie";"";"";"CC BY-SA 4.0";"https://uni-heidelberg.de/nhdp";"Nepal Heritage Documentation Project";"";""
"MUS0200_H_1956_Snellgrove";"Gönpa Gang, view from SW";"";"";"1956";"";" David Snellgrove";"photographer";"";"";"Nepal Heritage Documentation Project";"";"";"";"MUS0200";"4002855-0";"Architekturfotografie";"";"";"CC BY-SA 4.0";"https://uni-heidelberg.de/nhdp";"Nepal Heritage Documentation Project";"";""
"MUS0200_D_2021_first_floor_plan";"Gönpa Gang, first floor plan";"";"";"1996";"";"";"draftsman";"";"";"Nepal Heritage Documentation Project";"";"";"";"MUS0200";"4068827-6";"Architekturzeichnung";"1248182";" 2021-06";"CC BY-SA 4.0";"https://uni-heidelberg.de/nhdp";"Nepal Heritage Documentation Project";"";""
"MUS0200_D_1996_elevation";"Gönpa Gang, elevation darwing";"";"";"1996";"";"";"draftsman";"";"";"Nepal Heritage Documentation Project";"";"";"";"MUS0200";"4068827-6";"Architekturzeichnung";"";"";"CC BY-SA 4.0";"https://uni-heidelberg.de/nhdp";"Nepal Heritage Documentation Project";"";""
"MUS0200_D_2021_section";"Gönpa Gang, section drawing";"";"";"1996";"";"";"draftsman";"";"";"Nepal Heritage Documentation Project";"";"";"";"MUS0200";"4068827-6";"Architekturzeichnung";"1248182";" 2021-06";"CC BY-SA 4.0";"https://uni-heidelberg.de/nhdp";"Nepal Heritage Documentation Project";"";""
"BAL0002_I_001_20210613-02";"Nāsaḥ Chẽ, stone inscription from ŚS 454, view from E";"";"";"2021-06-13";"";"1300339";"photographer";"";"";"Nepal Heritage Documentation Project";"";"";"";"BAL0002";"4027107-9";"Inschrift";"";"";"CC BY-SA 4.0";"https://uni-heidelberg.de/nhdp";"Nepal Heritage Documentation Project";"";""
"BAL0002_I_001_20210613-01";"Nāsaḥ Chẽ, stone inscription from ŚS 454, view from E";"";"";"2021-06-13";"";"1300339";"photographer";"";"";"Nepal Heritage Documentation Project";"";"";"";"BAL0002";"4027107-9";"Inschrift";"";"";"CC BY-SA 4.0";"https://uni-heidelberg.de/nhdp";"Nepal Heritage Documentation Project";"";""
"BAL0002_I_002_20210613-01";"Nāsaḥ Chẽ, stone inscription embedded in the wall from NS 889, view from N";"";"";"2021-06-13";"";"1300339";"photographer";"";"";"Nepal Heritage Documentation Project";"";"";"";"BAL0002";"4027107-9";"Inschrift";"";"";"CC BY-SA 4.0";"https://uni-heidelberg.de/nhdp";"Nepal Heritage Documentation Project";"";""
"BAL0002_I_003_20210613-01";"Nāsaḥ Chẽ, stone inscription embedded in the wall from NS 890, view from N";"";"";"2021-06-13";"";"1300339";"photographer";"";"";"Nepal Heritage Documentation Project";"";"";"";"BAL0002";"4027107-9";"Inschrift";"";"";"CC BY-SA 4.0";"https://uni-heidelberg.de/nhdp";"Nepal Heritage Documentation Project";"";""
"BAL0002_I_004_20210613-01";"Nāsaḥ Chẽ, stone inscription embedded in the wall from VS 1996, view from N";"";"";"2021-06-13";"";"1300339";"photographer";"";"";"Nepal Heritage Documentation Project";"";"";"";"BAL0002";"4027107-9";"Inschrift";"";"";"CC BY-SA 4.0";"https://uni-heidelberg.de/nhdp";"Nepal Heritage Documentation Project";"";""
"BAL0002_I_005_20210807-01";"Nāsaḥ Chẽ, stone inscription from VS 2017, view from E";"";"";"2021-08-07";"";"1300339";"photographer";"";"";"Nepal Heritage Documentation Project";"";"";"";"BAL0002";"4027107-9";"Inschrift";"";"";"CC BY-SA 4.0";"https://uni-heidelberg.de/nhdp";"Nepal Heritage Documentation Project";"";""
"BAL0002_P_20210613_01";"Nāsaḥ Chẽ, above view from SW";"";"";"2021-06-13";"";"1300339";"photographer";"";"";"Nepal Heritage Documentation Project";"";"";"";"BAL0002";"4002855-0";"Architekturfotografie";"";"";"CC BY-SA 4.0";"https://uni-heidelberg.de/nhdp";"Nepal Heritage Documentation Project";"";""
"BAL0002_P_20210613_04";"Nāsaḥ Chẽ, view from E";"";"";"2021-06-13";"";"1300339";"photographer";"";"";"Nepal Heritage Documentation Project";"";"";"";"BAL0002";"4002855-0";"Architekturfotografie";"";"";"CC BY-SA 4.0";"https://uni-heidelberg.de/nhdp";"Nepal Heritage Documentation Project";"";""
"BAL0002_P_20210613_03";"Nāsaḥ Chẽ, view from W";"";"";"2021-06-13";"";"1300339";"photographer";"";"";"Nepal Heritage Documentation Project";"";"";"";"BAL0002";"4002855-0";"Architekturfotografie";"";"";"CC BY-SA 4.0";"https://uni-heidelberg.de/nhdp";"Nepal Heritage Documentation Project";"";""
"BAL0002_P_20210613_05";"Nāsaḥ Chẽ, view from SE";"";"";"2021-06-13";"";"1300339";"photographer";"";"";"Nepal Heritage Documentation Project";"";"";"";"BAL0002";"4002855-0";"Architekturfotografie";"";"";"CC BY-SA 4.0";"https://uni-heidelberg.de/nhdp";"Nepal Heritage Documentation Project";"";""
"BAL0002_D_2021_location_map";"Nāsaḥ Chẽ, location map";"";"";"";"";"";"draftsman";" 2020";"draftsman";"Nepal Heritage Documentation Project";"";"";"";"BAL0002";"4029783-4";"Karte";"";"";"CC BY-SA 4.0";"https://uni-heidelberg.de/nhdp";"Nepal Heritage Documentation Project";"";""
"BAL0002_D_2021_site_plan";"Nāsaḥ Chẽ, site plan";"";"";"2021-07-23";"";"1238506";"draftsman";"";"";"Nepal Heritage Documentation Project";"";"";"";"BAL0002";"4068827-6";"Architekturzeichnung";"";"";"CC BY-SA 4.0";"https://uni-heidelberg.de/nhdp";"Nepal Heritage Documentation Project";"";""
"BAL0002_D_2021_floor_plan";"Nāsaḥ Chẽ, floor plan";"";"";"2021-07-19";"";"1238506";"draftsman";"";"";"Nepal Heritage Documentation Project";"";"";"";"BAL0002";"4068827-6";"Architekturzeichnung";"";"";"CC BY-SA 4.0";"https://uni-heidelberg.de/nhdp";"Nepal Heritage Documentation Project";"";""
"BAL0002_P_20210706-02";"Nāsaḥ Chẽ, view from NE";"";"";"2021-07-06";"";"1300339";"photographer";"";"";"Nepal Heritage Documentation Project";"";"";"";"BAL0002";"4002855-0";"Architekturfotografie";"";"";"CC BY-SA 4.0";"https://uni-heidelberg.de/nhdp";"Nepal Heritage Documentation Project";"";""
"BAL0002_P_20210706-03";"Nāsaḥ Chẽ, view from N";"";"";"2021-07-06";"";"1300339";"photographer";"";"";"Nepal Heritage Documentation Project";"";"";"";"BAL0002";"4002855-0";"Architekturfotografie";"";"";"CC BY-SA 4.0";"https://uni-heidelberg.de/nhdp";"Nepal Heritage Documentation Project";"";""
"BAL0002_P_20210613_06";"Nāsaḥ Chẽ, view from SW";"";"";"2021-06-13";"";"1300339";"photographer";"";"";"Nepal Heritage Documentation Project";"";"";"";"BAL0002";"4002855-0";"Architekturfotografie";"";"";"CC BY-SA 4.0";"https://uni-heidelberg.de/nhdp";"Nepal Heritage Documentation Project";"";""
"BAL0002_P_20210706-04";"Nāsaḥ Chẽ, entrance door, view from N";"";"";"2021-07-06";"";"1300339";"photographer";"";"";"Nepal Heritage Documentation Project";"";"";"";"BAL0002";"4002855-0";"Architekturfotografie";"";"";"CC BY-SA 4.0";"https://uni-heidelberg.de/nhdp";"Nepal Heritage Documentation Project";"";""
"BAL0002_P_20210613_02";"Nāsaḥ Chẽ, view from S";"";"";"2021-06-13";"";"1300339";"photographer";"";"";"Nepal Heritage Documentation Project";"";"";"";"BAL0002";"4002855-0";"Architekturfotografie";"";"";"CC BY-SA 4.0";"https://uni-heidelberg.de/nhdp";"Nepal Heritage Documentation Project";"";""
"MUS0100_001_I_1690c";"Gönpa Gang, autobiography of Künzang Longyang, manuscript fols 45v-46r";"";"";"2016";"";" Kemi Tshewang";"photographer";"";"";"Courtesy of Charles Ramble";"";"";"";"MUS0100";"4002855-0";"Architekturfotografie";"";"";"Free access - no reuse";"";"";"";""
"MUS0100-001_P_20210411_02";"Gönpa Gang, Maitreya, view from S";"";"";"2021-04-11";"";"1248182";"photographer";"";"";"Nepal Heritage Documentation Project";"";"";"";"MUS0100";"4002855-0";"Architekturfotografie";"";"";"CC BY-SA 4.0";"https://uni-heidelberg.de/nhdp";"Nepal Heritage Documentation Project";"";""
"MUS0100-001_P_20210411_01";"Gönpa Gang, Maitreya, view from E";"";"";"2021-04-11";"";"1248182";"photographer";"";"";"Nepal Heritage Documentation Project";"";"";"";"MUS0100";"4002855-0";"Architekturfotografie";"";"";"CC BY-SA 4.0";"https://uni-heidelberg.de/nhdp";"Nepal Heritage Documentation Project";"";""
"MUS0100-002_P_20210411_01";"Gönpa Gang, Śākyamuni, view from E";"";"";"2021-04-11";"";"1248182";"photographer";"";"";"Nepal Heritage Documentation Project";"";"";"";"MUS0100";"4002855-0";"Architekturfotografie";"";"";"CC BY-SA 4.0";"https://uni-heidelberg.de/nhdp";"Nepal Heritage Documentation Project";"";""
"MUS0100_P_20210411_04";"Gönpa Gang, front elevation, view from E";"";"";"2021-04-11";"";"1248182";"photographer";"";"";"Nepal Heritage Documentation Project";"";"";"";"MUS0100";"4002855-0";"Architekturfotografie";"";"";"CC BY-SA 4.0";"https://uni-heidelberg.de/nhdp";"Nepal Heritage Documentation Project";"";""
"MUS0100_P_20210411_01";"Gönpa Gang, front elevation, view from E";"";"";"2021-04-11";"";"1248182";"photographer";"";"";"Nepal Heritage Documentation Project";"";"";"";"MUS0100";"4002855-0";"Architekturfotografie";"";"";"CC BY-SA 4.0";"https://uni-heidelberg.de/nhdp";"Nepal Heritage Documentation Project";"";""
"MUS0100_P_20210411_02";"Gönpa Gang, view from S";"";"";"2021-04-11";"";"1248182";"photographer";"";"";"Nepal Heritage Documentation Project";"";"";"";"MUS0100";"4002855-0";"Architekturfotografie";"";"";"CC BY-SA 4.0";"https://uni-heidelberg.de/nhdp";"Nepal Heritage Documentation Project";"";""
"MUS0100_P_20210411_03";"Gönpa Gang, view from SE";"";"";"2021-04-11";"";"1248182";"photographer";"";"";"Nepal Heritage Documentation Project";"";"";"";"MUS0100";"4002855-0";"Architekturfotografie";"";"";"CC BY-SA 4.0";"https://uni-heidelberg.de/nhdp";"Nepal Heritage Documentation Project";"";""
"MUS0100_P_20210411_05";"Gönpa Gang, residential building seen from the monastery roof, view from SW";"";"";"2021-04-11";"";"1248182";"photographer";"";"";"Nepal Heritage Documentation Project";"";"";"";"MUS0100";"4002855-0";"Architekturfotografie";"";"";"CC BY-SA 4.0";"https://uni-heidelberg.de/nhdp";"Nepal Heritage Documentation Project";"";""
"MUS0100_P_20210411_06";"Gönpa Gang, mani walls and chörten to the north of the monastery, view from SE";"";"";"2021-04-11";"";"1248182";"photographer";"";"";"Nepal Heritage Documentation Project";"";"";"";"MUS0100";"4002855-0";"Architekturfotografie";"";"";"CC BY-SA 4.0";"https://uni-heidelberg.de/nhdp";"Nepal Heritage Documentation Project";"";""
"MUS0100_P_20210411_07";"Gönpa Gang, entrance to the assembly hall, view from E";"";"";"2021-04-11";"";"1248182";"photographer";"";"";"Nepal Heritage Documentation Project";"";"";"";"MUS0100";"4002855-0";"Architekturfotografie";"";"";"CC BY-SA 4.0";"https://uni-heidelberg.de/nhdp";"Nepal Heritage Documentation Project";"";""
"MUS0100_P_20210411_08";"Gönpa Gang, assembly hall, view from E";"";"";"2021-04-11";"";"1248182";"photographer";"";"";"Nepal Heritage Documentation Project";"";"";"";"MUS0100";"4002855-0";"Architekturfotografie";"";"";"CC BY-SA 4.0";"https://uni-heidelberg.de/nhdp";"Nepal Heritage Documentation Project";"";""
"MUS0100_P_20210411_09";"Gönpa Gang, assembly hall, view from NE";"";"";"2021-04-11";"";"1248182";"photographer";"";"";"Nepal Heritage Documentation Project";"";"";"";"MUS0100";"4002855-0";"Architekturfotografie";"";"";"CC BY-SA 4.0";"https://uni-heidelberg.de/nhdp";"Nepal Heritage Documentation Project";"";""
"MUS0100_P_20210411_10";"Gönpa Gang, assembly hall, view from NW";"";"";"2021-04-11";"";"1248182";"photographer";"";"";"Nepal Heritage Documentation Project";"";"";"";"MUS0100";"4002855-0";"Architekturfotografie";"";"";"CC BY-SA 4.0";"https://uni-heidelberg.de/nhdp";"Nepal Heritage Documentation Project";"";""
"MUS0100_P_20210411_11";"Gönpa Gang, assembly hall from above, view from E";"";"";"2021-04-11";"";"1248182";"photographer";"";"";"Nepal Heritage Documentation Project";"";"";"";"MUS0100";"4002855-0";"Architekturfotografie";"";"";"CC BY-SA 4.0";"https://uni-heidelberg.de/nhdp";"Nepal Heritage Documentation Project";"";""
"MUS0100_P_20210411_14";"Gönpa Gang, water damage in the entry hall, view from E";"";"";"2021-04-11";"";"1248182";"photographer";"";"";"Nepal Heritage Documentation Project";"";"";"";"MUS0100";"4002855-0";"Architekturfotografie";"";"";"CC BY-SA 4.0";"https://uni-heidelberg.de/nhdp";"Nepal Heritage Documentation Project";"";""
"MUS0100_P_20210411_15";"Gönpa Gang, assembly hall, Hayagrīva, view from S";"";"";"2021-04-11";"";"1248182";"photographer";"";"";"Nepal Heritage Documentation Project";"";"";"";"MUS0100";"4002855-0";"Architekturfotografie";"";"";"CC BY-SA 4.0";"https://uni-heidelberg.de/nhdp";"Nepal Heritage Documentation Project";"";""
"MUS0100_P_20210411_13";"Gönpa Gang, entry hall, view from S";"";"";"2021-04-11";"";"1248182";"photographer";"";"";"Nepal Heritage Documentation Project";"";"";"";"MUS0100";"4002855-0";"Architekturfotografie";"";"";"CC BY-SA 4.0";"https://uni-heidelberg.de/nhdp";"Nepal Heritage Documentation Project";"";""
"MUS0100_P_20210411_16";"Gönpa Gang, assembly hall, Vaiśravaṇa, King of the North, view from N";"";"";"2021-04-11";"";"1248182";"photographer";"";"";"Nepal Heritage Documentation Project";"";"";"";"MUS0100";"4002855-0";"Architekturfotografie";"";"";"CC BY-SA 4.0";"https://uni-heidelberg.de/nhdp";"Nepal Heritage Documentation Project";"";""
"MUS0100_P_20210411_12";"Gönpa Gang, damage in the entry hall, view from S";"";"";"2021-04-11";"";"1248182";"photographer";"";"";"Nepal Heritage Documentation Project";"";"";"";"MUS0100";"4002855-0";"Architekturfotografie";"";"";"CC BY-SA 4.0";"https://uni-heidelberg.de/nhdp";"Nepal Heritage Documentation Project";"";""
"MUS0100_P_20210411_18";"Gönpa Gang, mural detail";"";"";"2021-04-11";"";"1248182";"photographer";"";"";"Nepal Heritage Documentation Project";"";"";"";"MUS0100";"4002855-0";"Architekturfotografie";"";"";"CC BY-SA 4.0";"https://uni-heidelberg.de/nhdp";"Nepal Heritage Documentation Project";"";""
"MUS0100_P_20210411_17";"Gönpa Gang, mural detail";"";"";"2021-04-11";"";"1248182";"photographer";"";"";"Nepal Heritage Documentation Project";"";"";"";"MUS0100";"4002855-0";"Architekturfotografie";"";"";"CC BY-SA 4.0";"https://uni-heidelberg.de/nhdp";"Nepal Heritage Documentation Project";"";""
"MUS0100_P_20210411_19";"Gönpa Gang, mural detail";"";"";"2021-04-11";"";"1248182";"photographer";"";"";"Nepal Heritage Documentation Project";"";"";"";"MUS0100";"4002855-0";"Architekturfotografie";"";"";"CC BY-SA 4.0";"https://uni-heidelberg.de/nhdp";"Nepal Heritage Documentation Project";"";""
"MUS0100_H_2005_Harrison_02";"Gönpa Gang, front facade, view from E";"";"";"2005";"";" John Harrison";"photographer";"";"";"Courtesy of John Harrison";"";"";"";"MUS0100";"4002855-0";"Architekturfotografie";"";"";"Free access - no reuse";"";"";"";""
"MUS0100_H_2005_Harrison_01";"Gönpa Gang, front facade, view from NE";"";"";"2005";"";" John Harrison";"photographer";"";"";"Courtesy of John Harrison";"";"";"";"MUS0100";"4002855-0";"Architekturfotografie";"";"";"Free access - no reuse";"";"";"";""
"MUS0100_H_2005_Harrison_03";"Gönpa Gang, inside the dukhang, view from NE";"";"";"2005";"";" John Harrison";"photographer";"";"";"Courtesy of John Harrison";"";"";"";"MUS0100";"4002855-0";"Architekturfotografie";"";"";"Free access - no reuse";"";"";"";""
"MUS0100_H_2005_Harrison_04";"Gönpa Gang, view from across the river, view from E";"";"";"2005";"";" John Harrison";"photographer";"";"";"Courtesy of John Harrison";"";"";"";"MUS0100";"4002855-0";"Architekturfotografie";"";"";"Free access - no reuse";"";"";"";""
"MUS0100_H_2005_Harrison_05";"Gönpa Gang, looking down from the mani wall, view from N";"";"";"2005";"";" John Harrison";"photographer";"";"";"Courtesy of John Harrison";"";"";"";"MUS0100";"4002855-0";"Architekturfotografie";"";"";"Free access - no reuse";"";"";"";""
"MUS0100_H_2005_Harrison_06";"Gönpa Gang, capital in the dukhang, view from E";"";"";"2005";"";" John Harrison";"photographer";"";"";"Courtesy of John Harrison";"";"";"";"MUS0100";"4002855-0";"Architekturfotografie";"";"";"Free access - no reuse";"";"";"";""
"MUS0100_H_2005_Harrison_07";"Gönpa Gang, Maitreya, view from E";"";"";"2005";"";" John Harrison";"photographer";"";"";"Courtesy of John Harrison";"";"";"";"MUS0100";"4002855-0";"Architekturfotografie";"";"";"Free access - no reuse";"";"";"";""
"MUS0100_H_2005_Harrison_08";"Gönpa Gang, entrance hall, view from E";"";"";"2005";"";" John Harrison";"photographer";"";"";"Courtesy of John Harrison";"";"";"";"MUS0100";"4002855-0";"Architekturfotografie";"";"";"Free access - no reuse";"";"";"";""
"MUS0100_D_2005_first_floor_plan_Harrison";"Gönpa Gang, first floor plan";"";"";"2005";"";"";"draftsman";"";"";"Courtesy of John Harrison";"";"";"";"MUS0100";"4068827-6";"Architekturzeichnung";"";"";"Free access - no reuse";"";"";"";""
"MUS0100_D_2005_elevation_existing_Harrison";"Gönpa Gang, elevation drawing";"";"";"2005";"";"";"draftsman";"";"";"Courtesy of John Harrison";"";"";"";"MUS0100";"4068827-6";"Architekturzeichnung";"";"";"Free access - no reuse";"";"";"";""
"MUS0100_D_2005_elevation_proposed_Harrison";"Gönpa Gang, elevation drawing";"";"";"2005";"";"";"draftsman";"";"";"Courtesy of John Harrison";"";"";"";"MUS0100";"4068827-6";"Architekturzeichnung";"";"";"Free access - no reuse";"";"";"";""
"MUS0100_D_2005_sections_Harrison";"Gönpa Gang, section drawings";"";"";"2005";"";"";"draftsman";"";"";"Courtesy of John Harrison";"";"";"";"MUS0100";"4068827-6";"Architekturzeichnung";"";"";"Free access - no reuse";"";"";"";""
"MUS0100_D_2005_isometric_section_Harrison";"Gönpa Gang, isometric section drawing";"";"";"2005";"";"";"draftsman";"";"";"Courtesy of John Harrison";"";"";"";"MUS0100";"4068827-6";"Architekturzeichnung";"";"";"Free access - no reuse";"";"";"";""
"MUS0100_D_2005_Dukhang_pillars_Harrison";"Gönpa Gang, Dukhang pillar drawing";"";"";"2005";"";"";"draftsman";"";"";"Courtesy of John Harrison";"";"";"";"MUS0100";"4068827-6";"Architekturzeichnung";"";"";"Free access - no reuse";"";"";"";""
"MUS0100_D_2005_entrance_pillars_Harrison";"Gönpa Gang, entrance hall drawing";"";"";"2005";"";"";"draftsman";"";"";"Courtesy of John Harrison";"";"";"";"MUS0100";"4068827-6";"Architekturzeichnung";"";"";"Free access - no reuse";"";"";"";""
"KIR4028-001_P_20210725_01";"Ichẽ Cībhāḥ Phalcā, statue of Triratna attached on the wall, view from E";"";"";"2021-07-25";"";"1173885";"photographer";"";"";"Nepal Heritage Documentation Project";"";"";"";"KIR4028";"4002855-0";"Architekturfotografie";"";"";"CC BY-SA 4.0";"https://uni-heidelberg.de/nhdp";"Nepal Heritage Documentation Project";"";""
"KIR4028_P_20210725_01";"Ichẽ Cībhāḥ Phalcā, façade, view from E";"";"";"2021-07-25";"";"1173885";"photographer";"";"";"Nepal Heritage Documentation Project";"";"";"";"KIR4028";"4002855-0";"Architekturfotografie";"";"";"CC BY-SA 4.0";"https://uni-heidelberg.de/nhdp";"Nepal Heritage Documentation Project";"";""
"KIR4028_P_20210725_05";"Ichẽ Cībhāḥ Phalcā, detail view of window, view from E";"";"";"2021-07-25";"";"1173885";"photographer";"";"";"Nepal Heritage Documentation Project";"";"";"";"KIR4028";"4002855-0";"Architekturfotografie";"";"";"CC BY-SA 4.0";"https://uni-heidelberg.de/nhdp";"Nepal Heritage Documentation Project";"";""
"KIR4028_P_20210725_02";"Ichẽ Cībhāḥ Phalcā, aerial view from the terrace of the private house, view from E";"";"";"2021-07-25";"";"1173885";"photographer";"";"";"Nepal Heritage Documentation Project";"";"";"";"KIR4028";"4002855-0";"Architekturfotografie";"";"";"CC BY-SA 4.0";"https://uni-heidelberg.de/nhdp";"Nepal Heritage Documentation Project";"";""
"KIR4028_P_20210725_03";"Ichẽ Cībhāḥ Phalcā, façade, view from E";"";"";"2021-07-25";"";"1173885";"photographer";"";"";"Nepal Heritage Documentation Project";"";"";"";"KIR4028";"4002855-0";"Architekturfotografie";"";"";"CC BY-SA 4.0";"https://uni-heidelberg.de/nhdp";"Nepal Heritage Documentation Project";"";""
"KIR4028_P_20210725_04";"Ichẽ Cībhāḥ Phalcā, roof and window, view from E";"";"";"2021-07-25";"";"1173885";"photographer";"";"";"Nepal Heritage Documentation Project";"";"";"";"KIR4028";"4002855-0";"Architekturfotografie";"";"";"CC BY-SA 4.0";"https://uni-heidelberg.de/nhdp";"Nepal Heritage Documentation Project";"";""
"KIR4028_P_20210725_06";"Ichẽ Cībhāḥ Phalcā, view from SE";"";"";"2021-07-25";"";"1173885";"photographer";"";"";"Nepal Heritage Documentation Project";"";"";"";"KIR4028";"4002855-0";"Architekturfotografie";"";"";"CC BY-SA 4.0";"https://uni-heidelberg.de/nhdp";"Nepal Heritage Documentation Project";"";""
"KIR4028_P_20210725_07";"Ichẽ Cībhāḥ Phalcā, view from S";"";"";"2021-07-25";"";"1173885";"photographer";"";"";"Nepal Heritage Documentation Project";"";"";"";"KIR4028";"4002855-0";"Architekturfotografie";"";"";"CC BY-SA 4.0";"https://uni-heidelberg.de/nhdp";"Nepal Heritage Documentation Project";"";""
"KIR4028_P_20210725_08";"Ichẽ Cībhāḥ Phalcā, view from NE";"";"";"2021-07-25";"";"1173885";"photographer";"";"";"Nepal Heritage Documentation Project";"";"";"";"KIR4028";"4002855-0";"Architekturfotografie";"";"";"CC BY-SA 4.0";"https://uni-heidelberg.de/nhdp";"Nepal Heritage Documentation Project";"";""
"KIR4028_D_2021_location_map";" Ichẽ Cībhāḥ Phalcā, location map";"";"";"";"";"1249903";"draftsman";"";"";"Nepal Heritage Documentation Project";"";"";"";"KIR4028";"4029783-4";"Karte";"";"";"CC BY-SA 4.0";"https://uni-heidelberg.de/nhdp";"Nepal Heritage Documentation Project";"";""
"KIR4028_D_2021_site_plan";"Ichẽ Cībhāḥ Phalcā, site plan";"";"";"2021-07-26";"";"1238506";"draftsman";"";"";"Nepal Heritage Documentation Project";"";"";"";"KIR4028";"4068827-6";"Architekturzeichnung";"";"";"CC BY-SA 4.0";"https://uni-heidelberg.de/nhdp";"Nepal Heritage Documentation Project";"";""
"KIR4028_D_2021_floor_plan";"Ichẽ Cībhāḥ Phalcā, floor plan";"";"";"2021-07-26";"";"1156661";"draftsman";"";"";"Nepal Heritage Documentation Project";"";"";"";"KIR4028";"4068827-6";"Architekturzeichnung";"";"";"CC BY-SA 4.0";"https://uni-heidelberg.de/nhdp";"Nepal Heritage Documentation Project";"";""
"KIR4028_D_2021_section_";"Ichẽ Cībhāḥ Phalcā, section drawing";"";"";"2021-07-26";"";"1238506";"draftsman";"";"";"Nepal Heritage Documentation Project";"";"";"";"KIR4028";"4068827-6";"Architekturzeichnung";"";"";"CC BY-SA 4.0";"https://uni-heidelberg.de/nhdp";"Nepal Heritage Documentation Project";"";""
"LAL4179_I_001_I_20210821_02";"Sohraśrāddha Phalcā, stone inscription inside the Phalcā from NS 829, view from SW";"";"";"2021-08-21";"";"1173885";"photographer";"";"";"Nepal Heritage Documentation Project";"";"";"";"LAL4179";"4027107-9";"Inschrift";"";"";"CC BY-SA 4.0";"https://uni-heidelberg.de/nhdp";"Nepal Heritage Documentation Project";"";""
"LAL4179_I_001_I_20210821_01";"Sohraśrāddha Phalcā, stone inscription inside the Phalcā from NS 829, view from SW";"";"";"2021-08-21";"";"1173885";"photographer";"";"";"Nepal Heritage Documentation Project";"";"";"";"LAL4179";"4027107-9";"Inschrift";"";"";"CC BY-SA 4.0";"https://uni-heidelberg.de/nhdp";"Nepal Heritage Documentation Project";"";""
"LAL4179_I_002_I_20210821_01";"Sohraśrāddha Phalcā, copperplate inscription from NS 837, view from W";"";"";"2021-08-21";"";"1173885";"photographer";"";"";"Nepal Heritage Documentation Project";"";"";"";"LAL4179";"4027107-9";"Inschrift";"";"";"CC BY-SA 4.0";"https://uni-heidelberg.de/nhdp";"Nepal Heritage Documentation Project";"";""
"LAL4179_I_003_I_20210821_01";"Sohraśrāddha Phalcā, marble inscription on the plinth of the Phalcā from VS 2053, view from W";"";"";"2021-08-21";"";"1173885";"photographer";"";"";"Nepal Heritage Documentation Project";"";"";"";"LAL4179";"4027107-9";"Inschrift";"";"";"CC BY-SA 4.0";"https://uni-heidelberg.de/nhdp";"Nepal Heritage Documentation Project";"";""
"LAL4179-001_P_20210821_01";"Sohraśrāddha Phalcā, statue of Garuḍa inside a wall niche, view from S";"";"";"2021-08-21";"";"1173885";"photographer";"";"";"Nepal Heritage Documentation Project";"";"";"";"LAL4179";"4002855-0";"Architekturfotografie";"";"";"CC BY-SA 4.0";"https://uni-heidelberg.de/nhdp";"Nepal Heritage Documentation Project";"";""
"LAL4179-002_P_20210821_01";"Sohraśrāddha Phalcā, statue of Sūrya with three smaller figurines in a wall niche, view from S";"";"";"2021-08-21";"";"1173885";"photographer";"";"";"Nepal Heritage Documentation Project";"";"";"";"LAL4179";"4002855-0";"Architekturfotografie";"";"";"CC BY-SA 4.0";"https://uni-heidelberg.de/nhdp";"Nepal Heritage Documentation Project";"";""
"LAL4179-003_P_20210821_01";"Sohraśrāddha Phalcā, statue of Padmapāṇi Lokeśvara, probably complemented by donot figurines on a wall niche, view from S";"";"";"2021-08-21";"";"1173885";"photographer";"";"";"Nepal Heritage Documentation Project";"";"";"";"LAL4179";"4002855-0";"Architekturfotografie";"";"";"CC BY-SA 4.0";"https://uni-heidelberg.de/nhdp";"Nepal Heritage Documentation Project";"";""
"LAL4179-004_P_20210821_01";"Sohraśrāddha Phalcā, statue of Gaṇeśa on a wall niche, view from SW";"";"";"2021-08-21";"";"1173885";"photographer";"";"";"Nepal Heritage Documentation Project";"";"";"";"LAL4179";"4002855-0";"Architekturfotografie";"";"";"CC BY-SA 4.0";"https://uni-heidelberg.de/nhdp";"Nepal Heritage Documentation Project";"";""
"LAL4179-005_P_20210821_01";"Sohraśrāddha Phalcā, statue of Mahākāla on a wall niche, view from SW";"";"";"2021-08-21";"";"1173885";"photographer";"";"";"Nepal Heritage Documentation Project";"";"";"";"LAL4179";"4002855-0";"Architekturfotografie";"";"";"CC BY-SA 4.0";"https://uni-heidelberg.de/nhdp";"Nepal Heritage Documentation Project";"";""
"LAL4179-006_P_20210821_01";"Sohraśrāddha Phalcā, statue of Nāgakanyā on a wall niche, view from W";"";"";"2021-08-21";"";"1173885";"photographer";"";"";"Nepal Heritage Documentation Project";"";"";"";"LAL4179";"4002855-0";"Architekturfotografie";"";"";"CC BY-SA 4.0";"https://uni-heidelberg.de/nhdp";"Nepal Heritage Documentation Project";"";""
"LAL4179-007_P_20210821_01";"Sohraśrāddha Phalcā, statue of Sarasvatī on a wall niche, view from W";"";"";"2021-08-21";"";"1173885";"photographer";"";"";"Nepal Heritage Documentation Project";"";"";"";"LAL4179";"4002855-0";"Architekturfotografie";"";"";"CC BY-SA 4.0";"https://uni-heidelberg.de/nhdp";"Nepal Heritage Documentation Project";"";""
"LAL4179-008_P_20210821_01";"Sohraśrāddha Phalcā, statue of Sūrya on a wall niche, view from W";"";"";"2021-08-21";"";"1173885";"photographer";"";"";"Nepal Heritage Documentation Project";"";"";"";"LAL4179";"4002855-0";"Architekturfotografie";"";"";"CC BY-SA 4.0";"https://uni-heidelberg.de/nhdp";"Nepal Heritage Documentation Project";"";""
"LAL4179-009_P_20210821_01";"Sohraśrāddha Phalcā, statue of donors on a wall niche, view from SW";"";"";"2021-08-21";"";"1173885";"photographer";"";"";"Nepal Heritage Documentation Project";"";"";"";"LAL4179";"4002855-0";"Architekturfotografie";"";"";"CC BY-SA 4.0";"https://uni-heidelberg.de/nhdp";"Nepal Heritage Documentation Project";"";""
"LAL4179-010_P_20210821_01";"Sohraśrāddha Phalcā, remains of a jaḥdhuṃhiti, view from W";"";"";"2021-08-21";"";"1173885";"photographer";"";"";"Nepal Heritage Documentation Project";"";"";"";"LAL4179";"4002855-0";"Architekturfotografie";"";"";"CC BY-SA 4.0";"https://uni-heidelberg.de/nhdp";"Nepal Heritage Documentation Project";"";""
"LAL4179-011_P_20210821_02";"Sohraśrāddha Phalcā, Aṣṭakoṇākṛtipadma Caitya in front of the Phalcā, view from S";"";"";"2021-08-21";"";"1173885";"photographer";"";"";"Nepal Heritage Documentation Project";"";"";"";"LAL4179";"4002855-0";"Architekturfotografie";"";"";"CC BY-SA 4.0";"https://uni-heidelberg.de/nhdp";"Nepal Heritage Documentation Project";"";""
"LAL4179-011_P_20210821_03";"Sohraśrāddha Phalcā, Aṣṭakoṇākṛtipadma Caitya in front of the Phalcā, view from NW";"";"";"2021-08-21";"";"1173885";"photographer";"";"";"Nepal Heritage Documentation Project";"";"";"";"LAL4179";"4002855-0";"Architekturfotografie";"";"";"CC BY-SA 4.0";"https://uni-heidelberg.de/nhdp";"Nepal Heritage Documentation Project";"";""
"LAL4179_P_20210821_03";"Sohraśrāddha Phalcā, lower view with caitya, from SW";"";"";"2021-08-21";"";"1173885";"photographer";"";"";"Nepal Heritage Documentation Project";"";"";"";"LAL4179";"4002855-0";"Architekturfotografie";"";"";"CC BY-SA 4.0";"https://uni-heidelberg.de/nhdp";"Nepal Heritage Documentation Project";"";""
"LAL4179-011_P_20210821_01";"Sohraśrāddha Phalcā, Aṣṭakoṇākṛtipadma Caitya in front of the Phalcā, view from SW";"";"";"2021-08-21";"";"1173885";"photographer";"";"";"Nepal Heritage Documentation Project";"";"";"";"LAL4179";"4002855-0";"Architekturfotografie";"";"";"CC BY-SA 4.0";"https://uni-heidelberg.de/nhdp";"Nepal Heritage Documentation Project";"";""
"LAL4179_D_2021_site_plan";"Sohra Śrāddha Phalcā, site plan";"";"";"2021-08-11";"";"1156661";"draftsman";"";"";"Nepal Heritage Documentation Project";"";"";"";"LAL4179";"4068827-6";"Architekturzeichnung";"";"";"CC BY-SA 4.0";"https://uni-heidelberg.de/nhdp";"Nepal Heritage Documentation Project";"";""
"LAL4179_D_2021_location_map";"Sohra Śrāddha Phalcā, location map";"";"";"1990";"";"1248173";"draftsman";"1156661";"draftsman";"Nepal Heritage Documentation Project";"";"";"";"LAL4179";"4029783-4";"Karte";"1238506";" 2021-08-11";"CC BY-SA 4.0";"https://uni-heidelberg.de/nhdp";"Nepal Heritage Documentation Project";"";""
"LAL4179_D_2021_floor_plan";"Sohra Śrāddha Phalcā, floor plan";"";"";"2021-08-11";"";"1156661";"draftsman";"";"";"Nepal Heritage Documentation Project";"";"";"";"LAL4179";"4068827-6";"Architekturzeichnung";"";"";"CC BY-SA 4.0";"https://uni-heidelberg.de/nhdp";"Nepal Heritage Documentation Project";"";""
"LAL4179_P_20210821_04";"Sohraśrāddha Phalcā, view from W";"";"";"2021-08-21";"";"1173885";"photographer";"";"";"Nepal Heritage Documentation Project";"";"";"";"LAL4179";"4002855-0";"Architekturfotografie";"";"";"CC BY-SA 4.0";"https://uni-heidelberg.de/nhdp";"Nepal Heritage Documentation Project";"";""
"LAL4179_P_20210821_09";"Sohraśrāddha Phalcā, inside view of the Phalcā with statues, from W";"";"";"2021-08-21";"";"1173885";"photographer";"";"";"Nepal Heritage Documentation Project";"";"";"";"LAL4179";"4002855-0";"Architekturfotografie";"";"";"CC BY-SA 4.0";"https://uni-heidelberg.de/nhdp";"Nepal Heritage Documentation Project";"";""
"LAL4179_P_20210821_10";"Sohraśrāddha Phalcā, inside view of the Phalcā with statues, view from W";"";"";"2021-08-21";"";"1173885";"photographer";"";"";"Nepal Heritage Documentation Project";"";"";"";"LAL4179";"4002855-0";"Architekturfotografie";"";"";"CC BY-SA 4.0";"https://uni-heidelberg.de/nhdp";"Nepal Heritage Documentation Project";"";""
"LAL4179_P_20210821_11";"Sohraśrāddha Phalcā, inside view of the Phalcā with statues, view from N";"";"";"2021-08-21";"";"1173885";"photographer";"";"";"Nepal Heritage Documentation Project";"";"";"";"LAL4179";"4002855-0";"Architekturfotografie";"";"";"CC BY-SA 4.0";"https://uni-heidelberg.de/nhdp";"Nepal Heritage Documentation Project";"";""
"LAL4179_P_20210821_06";"Sohraśrāddha Phalcā, view from S";"";"";"2021-08-21";"";"1173885";"photographer";"";"";"Nepal Heritage Documentation Project";"";"";"";"LAL4179";"4002855-0";"Architekturfotografie";"";"";"CC BY-SA 4.0";"https://uni-heidelberg.de/nhdp";"Nepal Heritage Documentation Project";"";""
"LAL4179_P_20210821_02";"Sohraśrāddha Phalcā, view from SW";"";"";"2021-08-21";"";"1173885";"photographer";"";"";"Nepal Heritage Documentation Project";"";"";"";"LAL4179";"4002855-0";"Architekturfotografie";"";"";"CC BY-SA 4.0";"https://uni-heidelberg.de/nhdp";"Nepal Heritage Documentation Project";"";""
"LAL4179_P_20210821_01";"Sohraśrāddha Phalcā, aerial view from a window of a private house, view from SW";"";"";"2021-08-21";"";"1173885";"photographer";"";"";"Nepal Heritage Documentation Project";"";"";"";"LAL4179";"4002855-0";"Architekturfotografie";"";"";"CC BY-SA 4.0";"https://uni-heidelberg.de/nhdp";"Nepal Heritage Documentation Project";"";""
"LAL4179_P_20210821_05";"Sohraśrāddha Phalcā, lower view with caitya, view from W";"";"";"2021-08-21";"";"1173885";"photographer";"";"";"Nepal Heritage Documentation Project";"";"";"";"LAL4179";"4002855-0";"Architekturfotografie";"";"";"CC BY-SA 4.0";"https://uni-heidelberg.de/nhdp";"Nepal Heritage Documentation Project";"";""
"LAL4179_P_20210821_07";"Sohraśrāddha Phalcā, lower view with caitya, view from S";"";"";"2021-08-21";"";"1173885";"photographer";"";"";"Nepal Heritage Documentation Project";"";"";"";"LAL4179";"4002855-0";"Architekturfotografie";"";"";"CC BY-SA 4.0";"https://uni-heidelberg.de/nhdp";"Nepal Heritage Documentation Project";"";""
"LAL4179_P_20210821_08";"Sohraśrāddha Phalcā, lower view from a window of a private house, from SW";"";"";"2021-08-21";"";"1173885";"photographer";"";"";"Nepal Heritage Documentation Project";"";"";"";"LAL4179";"4002855-0";"Architekturfotografie";"";"";"CC BY-SA 4.0";"https://uni-heidelberg.de/nhdp";"Nepal Heritage Documentation Project";"";""
"BAL0005_P_2019_01";"Vajradhātu Caitya (Khāsti Caitya), bamboo poles erected on each corner of the Caitya to offer a light 'matakalaḥ', view from N";"";"";"2019";"";" Dharmendra Maharjan";"photographer";"";"";"courtesy of Dharmendra Maharjan";"";"";"";"BAL0005";"4002855-0";"Architekturfotografie";"";"";"Free access - no reuse";"";"";"";""
"BAL0005_P_2019_02";"Vajradhātu Caitya (Khāsti Caitya), a man carrying 'gvaḥjā' (cooked rice) to offer to the various temple at Balambu";"";"";"2019";"";" Dharmendra Maharjan";"photographer";"";"";"courtesy of Dharmendra Maharjan";"";"";"";"BAL0005";"4002855-0";"Architekturfotografie";"";"";"Free access - no reuse";"";"";"";""
"BAL0005_I_20210520_001";"Vajradhātu Caitya (Khāsti Caitya), stone inscription attached to the western side of the Caitya from NS 803, view from S";"";"";"2021-05-20";"";"1300339";"photographer";"";"";"Nepal Heritage Documentation Project";"";"";"";"BAL0005";"4027107-9";"Inschrift";"";"";"CC BY-SA 4.0";"https://uni-heidelberg.de/nhdp";"Nepal Heritage Documentation Project";"";""
"BAL0005_I_20210520_002";"Vajradhātu Caitya (Khāsti Caitya), stone inscription on a stone oil lamp (dalūpā) [note that the date of the inscription is not readable), view from E";"";"";"2021-05-20";"";"1300339";"photographer";"";"";"Nepal Heritage Documentation Project";"";"";"";"BAL0005";"4027107-9";"Inschrift";"";"";"CC BY-SA 4.0";"https://uni-heidelberg.de/nhdp";"Nepal Heritage Documentation Project";"";""
"BAL0005_P_2019_03";"Dharmadhātu Caitya (Khāsti Caitya), devotees are circumambulating the Caitya with incense on their hands, view from N";"";"";"2019";"";" Dharmendra Maharjan";"photographer";"";"";"courtesy of Dharmendra Maharjan";"";"";"";"BAL0005";"4002855-0";"Architekturfotografie";"";"";"Free access - no reuse";"";"";"";""
"BAL0005_P_20210518_07";"Vajradhātu Caitya (Khāsti Caitya), view from SE";"";"";"2021-05-20";"";"1300339";"photographer";"";"";"Nepal Heritage Documentation Project";"";"";"";"BAL0005";"4002855-0";"Architekturfotografie";"";"";"CC BY-SA 4.0";"https://uni-heidelberg.de/nhdp";"Nepal Heritage Documentation Project";"";""
"BAL0005-001_P_20210520_001";"Vajradhātu Caitya (Khāsti Caitya), Statue of Maitreya Buddha, view from E";"";"";"2021-05-20";"";"1300339";"photographer";"";"";"Nepal Heritage Documentation Project";"";"";"";"BAL0005";"4002855-0";"Architekturfotografie";"";"";"CC BY-SA 4.0";"https://uni-heidelberg.de/nhdp";"Nepal Heritage Documentation Project";"";""
"BAL0005-001_P_20210519_01";"Vajradhātu Caitya (Khāsti Caitya), Maitreya Buddha Shrine with toraṇa atop of it, view from E";"";"";"2021-05-19";"";"1300339";"photographer";"";"";"Nepal Heritage Documentation Project";"";"";"";"BAL0005";"4002855-0";"Architekturfotografie";"";"";"CC BY-SA 4.0";"https://uni-heidelberg.de/nhdp";"Nepal Heritage Documentation Project";"";""
"BAL0005-002_P_20210519_01";"Vajradhātu Caitya (Khāsti Caitya), Vajrapāṇi Lokeśvara Shrine with toraṇa atop of it, view from S";"";"";"2021-05-19";"";"1300339";"photographer";"";"";"Nepal Heritage Documentation Project";"";"";"";"BAL0005";"4002855-0";"Architekturfotografie";"";"";"CC BY-SA 4.0";"https://uni-heidelberg.de/nhdp";"Nepal Heritage Documentation Project";"";""
"BAL0005-002_P_20210520_001";"Vajradhātu Caitya (Khāsti Caitya), Statue of Vajrapāṇi Lokeśvara, view from S";"";"";"2021-05-20";"";"1300339";"photographer";"";"";"Nepal Heritage Documentation Project";"";"";"";"BAL0005";"4002855-0";"Architekturfotografie";"";"";"CC BY-SA 4.0";"https://uni-heidelberg.de/nhdp";"Nepal Heritage Documentation Project";"";""
"BAL0005-003_P_20210519_01";"Vajradhātu Caitya (Khāsti Caitya), Padmapāṇi Lokśvara Shrine with toraṇa atop of it, view from W";"";"";"2021-05-19";"";"1300339";"photographer";"";"";"Nepal Heritage Documentation Project";"";"";"";"BAL0005";"4002855-0";"Architekturfotografie";"";"";"CC BY-SA 4.0";"https://uni-heidelberg.de/nhdp";"Nepal Heritage Documentation Project";"";""
"BAL0005-003_P_20210520_001";"Vajradhātu Caitya (Khāsti Caitya), Statue of Padmapāṇi Lokśvara, view from W";"";"";"2021-05-20";"";"1300339";"photographer";"";"";"Nepal Heritage Documentation Project";"";"";"";"BAL0005";"4002855-0";"Architekturfotografie";"";"";"CC BY-SA 4.0";"https://uni-heidelberg.de/nhdp";"Nepal Heritage Documentation Project";"";""
"BAL0005-004_P_20210520_001";"Vajradhātu Caitya (Khāsti Caitya), Statue of Mañjuśrī, view from N";"";"";"";"";"";"draftsman";"";"";"Nepal Heritage Documentation Project";"";"";"";"BAL0005";"4068827-6";"Architekturzeichnung";"";"";"CC BY-SA 4.0";"https://uni-heidelberg.de/nhdp";"Nepal Heritage Documentation Project";"";""
"BAL0005-004_P_20210519_01";"Vajradhātu Caitya (Khāsti Caitya), Mañjuśrī Shrine with toraṇa atop of it, view from N";"";"";"2021-05-19";"";"1300339";"photographer";"";"";"Nepal Heritage Documentation Project";"";"";"";"BAL0005";"4002855-0";"Architekturfotografie";"";"";"CC BY-SA 4.0";"https://uni-heidelberg.de/nhdp";"Nepal Heritage Documentation Project";"";""
"BAL0005-005_P_20210519_01";"Vajradhātu Caitya (Khāsti Caitya), Statue of Tārā (A), view from SE";"";"";"2021-05-19";"";"1300339";"photographer";"";"";"Nepal Heritage Documentation Project";"";"";"";"BAL0005";"4002855-0";"Architekturfotografie";"";"";"CC BY-SA 4.0";"https://uni-heidelberg.de/nhdp";"Nepal Heritage Documentation Project";"";""
"BAL0005-006_P_20210519_01";"Vajradhātu Caitya (Khāsti Caitya), Statue of Tārā (B), view from SW";"";"";"2021-05-19";"";"1300339";"photographer";"";"";"Nepal Heritage Documentation Project";"";"";"";"BAL0005";"4002855-0";"Architekturfotografie";"";"";"CC BY-SA 4.0";"https://uni-heidelberg.de/nhdp";"Nepal Heritage Documentation Project";"";""
"BAL0005-007_P_20210519_01";"Vajradhātu Caitya (Khāsti Caitya), Statue of Tārā (C), view from NW";"";"";"2021-05-19";"";"1300339";"photographer";"";"";"Nepal Heritage Documentation Project";"";"";"";"BAL0005";"4002855-0";"Architekturfotografie";"";"";"CC BY-SA 4.0";"https://uni-heidelberg.de/nhdp";"Nepal Heritage Documentation Project";"";""
"BAL0005-008_P_20210519_01";"Vajradhātu Caitya (Khāsti Caitya), Statue of Tārā (D), view from NE";"";"";"2021-05-19";"";"1300339";"photographer";"";"";"Nepal Heritage Documentation Project";"";"";"";"BAL0005";"4002855-0";"Architekturfotografie";"";"";"CC BY-SA 4.0";"https://uni-heidelberg.de/nhdp";"Nepal Heritage Documentation Project";"";""
"BAL0005-009_P_20210519_01";"Vajradhātu Caitya (Khāsti Caitya), Statue of Akṣobhya Buddha, view from E";"";"";"2021-05-19";"";"1300339";"photographer";"";"";"Nepal Heritage Documentation Project";"";"";"";"BAL0005";"4002855-0";"Architekturfotografie";"";"";"CC BY-SA 4.0";"https://uni-heidelberg.de/nhdp";"Nepal Heritage Documentation Project";"";""
"BAL0005-010_P_20210519_01";"Vajradhātu Caitya (Khāsti Caitya), Statue of Ratnasambhava, view from S";"";"";"2021-05-19";"";"1300339";"photographer";"";"";"Nepal Heritage Documentation Project";"";"";"";"BAL0005";"4002855-0";"Architekturfotografie";"";"";"CC BY-SA 4.0";"https://uni-heidelberg.de/nhdp";"Nepal Heritage Documentation Project";"";""
"BAL0005-011_P_20210519_01";"Vajradhātu Caitya (Khāsti Caitya), Statue of Amitābha Buddha, view from W";"";"";"2021-05-19";"";"1300339";"photographer";"";"";"Nepal Heritage Documentation Project";"";"";"";"BAL0005";"4002855-0";"Architekturfotografie";"";"";"CC BY-SA 4.0";"https://uni-heidelberg.de/nhdp";"Nepal Heritage Documentation Project";"";""
"BAL0005-012_P_20210519_01";"Vajradhātu Caitya (Khāsti Caitya), Statue of Amoghasiddhi Buddha, view from N";"";"";"2021-05-19";"";"1300339";"photographer";"";"";"Nepal Heritage Documentation Project";"";"";"";"BAL0005";"4002855-0";"Architekturfotografie";"";"";"CC BY-SA 4.0";"https://uni-heidelberg.de/nhdp";"Nepal Heritage Documentation Project";"";""
"BAL0005-013_P_20210519_01";"Vajradhātu Caitya (Khāsti Caitya), Stone Oil Lamp, view from above";"";"";"2021-05-19";"";"1300339";"photographer";"";"";"Nepal Heritage Documentation Project";"";"";"";"BAL0005";"4002855-0";"Architekturfotografie";"";"";"CC BY-SA 4.0";"https://uni-heidelberg.de/nhdp";"Nepal Heritage Documentation Project";"";""
"BAL0005-014_P_20210519_01";"Vajradhātu Caitya (Khāsti Caitya), Stone Bell Pillar, view from E";"";"";"2021-05-19";"";"1300339";"photographer";"";"";"Nepal Heritage Documentation Project";"";"";"";"BAL0005";"4002855-0";"Architekturfotografie";"";"";"CC BY-SA 4.0";"https://uni-heidelberg.de/nhdp";"Nepal Heritage Documentation Project";"";""
"BAL0005-014_P_20210520_001";"Vajradhātu Caitya (Khāsti Caitya), Stone Bell Pillar, view from NE";"";"";"2021-05-20";"";"1300339";"photographer";"";"";"Nepal Heritage Documentation Project";"";"";"";"BAL0005";"4002855-0";"Architekturfotografie";"";"";"CC BY-SA 4.0";"https://uni-heidelberg.de/nhdp";"Nepal Heritage Documentation Project";"";""
"BAL0005_P_20210518_02";"Vajradhātu Caitya (Khāsti Caitya), upper part of the Caitya, view from W";"";"";"2021-05-20";"";"1300339";"photographer";"";"";"Nepal Heritage Documentation Project";"";"";"";"BAL0005";"4002855-0";"Architekturfotografie";"";"";"CC BY-SA 4.0";"https://uni-heidelberg.de/nhdp";"Nepal Heritage Documentation Project";"";""
"BAL0005_P_20210518_03";"Vajradhātu Caitya (Khāsti Caitya), close up view from N";"";"";"2021-05-20";"";"1300339";"photographer";"";"";"Nepal Heritage Documentation Project";"";"";"";"BAL0005";"4002855-0";"Architekturfotografie";"";"";"CC BY-SA 4.0";"https://uni-heidelberg.de/nhdp";"Nepal Heritage Documentation Project";"";""
"BAL0005_P_20210518_06";"Vajradhātu Caitya (Khāsti Caitya), view from SW";"";"";"2021-05-20";"";"1300339";"photographer";"";"";"Nepal Heritage Documentation Project";"";"";"";"BAL0005";"4002855-0";"Architekturfotografie";"";"";"CC BY-SA 4.0";"https://uni-heidelberg.de/nhdp";"Nepal Heritage Documentation Project";"";""
"BAL0005_P_20210518_04";"Vajradhātu Caitya (Khāsti Caitya), view from NW";"";"";"2021-05-20";"";"1300339";"photographer";"";"";"Nepal Heritage Documentation Project";"";"";"";"BAL0005";"4002855-0";"Architekturfotografie";"";"";"CC BY-SA 4.0";"https://uni-heidelberg.de/nhdp";"Nepal Heritage Documentation Project";"";""
"BAL0005_P_20210518_05";"Vajradhātu Caitya (Khāsti Caitya), close up view from SW";"";"";"2021-05-20";"";"1300339";"photographer";"";"";"Nepal Heritage Documentation Project";"";"";"";"BAL0005";"4002855-0";"Architekturfotografie";"";"";"CC BY-SA 4.0";"https://uni-heidelberg.de/nhdp";"Nepal Heritage Documentation Project";"";""
"BAL0005_P_20210518_08";"Vajradhātu Caitya (Khāsti Caitya), view from NE";"";"";"2021-05-20";"";"1300339";"photographer";"";"";"Nepal Heritage Documentation Project";"";"";"";"BAL0005";"4002855-0";"Architekturfotografie";"";"";"CC BY-SA 4.0";"https://uni-heidelberg.de/nhdp";"Nepal Heritage Documentation Project";"";""
"BAL0005_P_20210518_09";"Vajradhātu Caitya (Khāsti Caitya), close view with its entrance from SE";"";"";"2021-05-20";"";"1300339";"photographer";"";"";"Nepal Heritage Documentation Project";"";"";"";"BAL0005";"4002855-0";"Architekturfotografie";"";"";"CC BY-SA 4.0";"https://uni-heidelberg.de/nhdp";"Nepal Heritage Documentation Project";"";""
"BAL0005_P_20210520_001";"Vajradhātu Caitya (Khāsti Caitya), aerial view, from SE";"";"";"2021-05-20";"";"1300339";"photographer";"";"";"Nepal Heritage Documentation Project";"";"";"";"BAL0005";"4002855-0";"Architekturfotografie";"";"";"CC BY-SA 4.0";"https://uni-heidelberg.de/nhdp";"Nepal Heritage Documentation Project";"";""
"BAL0005_H_ca.19740000_01";"Khāsti Caitya, view from N";"";"";"";"";"1173886";"photographer";"";"";"courtesy of Carl Pruscha";"Carl Pruscha, Kathmandu Valley, 1975, vol. II, p. 125 (Bl)";"";"";"BAL0005";"4002855-0";"Architekturfotografie";"";"";"Free access - no reuse";"";"";"";""
"BAL0005_D__2021_site_plan";"Khāsti Caitya, site plan";"";"";"2021-07-20";"";"1173868";"draftsman";"";"";"Nepal Heritage Documentation Project";"";"";"";"BAL0005";"4068827-6";"Architekturzeichnung";"";"";"CC BY-SA 4.0";"https://uni-heidelberg.de/nhdp";"Nepal Heritage Documentation Project";"";""
"BAL0005_D__2021_location_map";"Khāsti Caitya, location map";"";"";"";"";"";"draftsman";" 2020";"draftsman";"Nepal Heritage Documentation Project";"";"";"";"BAL0005";"4029783-4";"Karte";"";"";"CC BY-SA 4.0";"https://uni-heidelberg.de/nhdp";"Nepal Heritage Documentation Project";"";""
"BAL0005_D__2021_top_view";"Khāsti Caitya, top view";"";"";"2021-07-20";"";"1156661";"draftsman";"";"";"Nepal Heritage Documentation Project";"";"";"";"BAL0005";"4068827-6";"Architekturzeichnung";"";"";"CC BY-SA 4.0";"https://uni-heidelberg.de/nhdp";"Nepal Heritage Documentation Project";"";""
"BAL0005_D__2021_section";"Khāsti Caitya, section";"";"";"2021-07-25";"";"1156661";"draftsman";"";"";"Nepal Heritage Documentation Project";"";"";"";"BAL0005";"4068827-6";"Architekturzeichnung";"";"";"CC BY-SA 4.0";"https://uni-heidelberg.de/nhdp";"Nepal Heritage Documentation Project";"";""
"BAL0005_P_20210518_01";"Vajradhātu Caitya (Khāsti Caitya), view from W";"";"";"2021-05-18";"";"1300339";"photographer";"";"";"Nepal Heritage Documentation Project";"";"";"";"BAL0005";"4002855-0";"Architekturfotografie";"";"";"CC BY-SA 4.0";"https://uni-heidelberg.de/nhdp";"Nepal Heritage Documentation Project";"";""